unique_id,timepoint,domain,age,gender,block_order,met_performance_criteria_typical,met_performance_criteria_stricter,D_overall,D_tt1,D_tt2,D_tt3,D_tt4
chad friendenemy_103,1,Friend-Enemy,23,Male,consistent first,TRUE,TRUE,0.626782245466684,0.7499386629896487,0.763909685354328,0.05712596399178588,1.0655263274348592
chad friendenemy_104,1,Friend-Enemy,18,Male,consistent first,TRUE,TRUE,0.0563805257342783,-0.07469648544906324,0.22491668295428732,-0.5773323019317179,0.4099688446266303
chad friendenemy_105,1,Friend-Enemy,18,Female,consistent first,TRUE,TRUE,0.2754001489694342,-0.04321267047970257,0.8164018940761553,0.0698081745109919,0.4350235922173254
chad friendenemy_110,1,Friend-Enemy,19,Female,consistent first,FALSE,FALSE,0.5649375320528437,0.22860865754595308,0.913141214669753,0.19882958629433783,0.7195658516901245
chad friendenemy_111,1,Friend-Enemy,19,Male,consistent first,TRUE,TRUE,0.18002550661279784,0.6626594887204412,0.3243809182075073,-0.31661126578813875,-0.04318383660226416
chad friendenemy_112,1,Friend-Enemy,18,Female,consistent first,TRUE,TRUE,0.3701836214561757,0.7821846846802354,0.21081076859591963,-0.17941318159006298,0.5910460704190116
chad friendenemy_117,1,Friend-Enemy,19,Male,consistent first,TRUE,FALSE,-0.049461905160138576,0.13720368492002052,0.6109352297007454,-0.3617634365552664,-0.3760232278566508
chad friendenemy_118,1,Friend-Enemy,NA,NA,consistent first,TRUE,TRUE,0.03868312885383663,0.14911378025096783,0.6754057109206876,-0.6415281371964582,-0.06934322599091673
chad friendenemy_119,1,Friend-Enemy,NA,Female,consistent first,TRUE,TRUE,0.2526995652508166,-0.03409386930556205,0.3480952886271876,0.1052621090065615,0.5205151981344874
chad friendenemy_124,1,Friend-Enemy,18,Female,consistent first,TRUE,TRUE,0.1912132847660921,0.5819850014286108,-0.01552323546360282,-0.19347645307707165,0.3502488323097473
chad friendenemy_125,1,Friend-Enemy,19,Male,consistent first,TRUE,TRUE,0.29515664076674014,0.31792371831579375,0.8029547625303413,0.23921218659514573,-0.05463874222339888
chad friendenemy_126,1,Friend-Enemy,18,Female,consistent first,TRUE,TRUE,0.4786259851210175,0.6061512612423641,0.6327825264430774,0.4614533164925821,0.10738127596338232
chad friendenemy_131,1,Friend-Enemy,18,Female,consistent first,TRUE,TRUE,0.2612503099805762,-0.05558819072200001,0.7527285873509545,0.3041874073374699,0.15281108316503758
chad friendenemy_132,1,Friend-Enemy,18,Female,consistent first,FALSE,FALSE,-0.034871688662566847,-0.33075433440387225,0.45318334096917817,-0.3863710728355445,0.0275450881524665
chad friendenemy_133,1,Friend-Enemy,33,Male,consistent first,TRUE,TRUE,-0.03336319679338032,0.5103259156313987,-0.1947818224211592,-0.470073332014004,0.3729512333095887
chad friendenemy_138,1,Friend-Enemy,20,Male,consistent first,TRUE,TRUE,0.1451963533711774,0.5921729810626075,-0.140343014160745,0.23264219786886647,0.05798139867982837
chad friendenemy_139,1,Friend-Enemy,NA,Male,consistent first,TRUE,TRUE,-0.010712703529379558,0.2208270079442057,0.6068399368284865,-0.4998590539490895,-0.032388228406190336
chad friendenemy_140,1,Friend-Enemy,18,Female,consistent first,TRUE,TRUE,0.4964779414596562,0.3296022586589194,0.4910146406593451,0.326519850566905,0.9629932856985028
chad friendenemy_145,1,Friend-Enemy,18,Female,consistent first,TRUE,TRUE,-0.16120353881538954,0.1404375409586844,0.010632910345066145,-0.4263655573101863,-0.2955124177437418
chad friendenemy_146,1,Friend-Enemy,19,Male,consistent first,TRUE,TRUE,0.3969308806398704,1.3534025051510918,0.3386840528882486,-0.2470809107923083,0.6987862330925131
chad friendenemy_147,1,Friend-Enemy,18,Female,consistent first,TRUE,TRUE,-0.04397974665762109,-0.3304864959907176,0.11059988752854892,-0.32913717114515506,0.4035284372326152
chad friendenemy_152,1,Friend-Enemy,19,Female,consistent first,FALSE,FALSE,0.12199873595557252,0.4941154116118555,0.4274814105823996,-0.5432309940286619,0.09176423767776395
chad friendenemy_153,1,Friend-Enemy,NA,NA,consistent first,TRUE,TRUE,0.11485150522903376,0.6074155659737622,0.0901060884940785,-0.6222945789813925,0.3366885969949848
chad friendenemy_154,1,Friend-Enemy,18,Female,consistent first,TRUE,TRUE,0.14989937913309173,0.6589474018973266,0.3985968762427696,-0.15776291389177702,-0.0807296483880161
chad friendenemy_159,1,Friend-Enemy,18,Female,consistent first,TRUE,TRUE,0.10074384229707442,0.25470513402786527,0.18605972779544055,-0.07163945248137424,0.20294144835250277
chad friendenemy_160,1,Friend-Enemy,NA,NA,consistent first,TRUE,FALSE,0.16449919117676576,0.4689613615877706,0.1631507708581019,0.0911469347974647,-0.23202267945892363
chad friendenemy_161,1,Friend-Enemy,18,Female,consistent first,TRUE,FALSE,-0.1904266179518816,0.2924992152353535,-0.25826623195983256,-0.6519605828312498,-0.04210800172556062
chad friendenemy_166,1,Friend-Enemy,18,Female,consistent first,TRUE,TRUE,0.2471444395363258,0.7604701913791393,0.41815888839405735,-0.39633964273449074,0.03809140707726025
chad friendenemy_167,1,Friend-Enemy,NA,NA,consistent first,TRUE,TRUE,-0.1070716594692729,-0.2941372734593196,0.3392488614028038,-0.6307169859033778,0.43327568889886175
chad friendenemy_168,1,Friend-Enemy,19,Male,consistent first,TRUE,TRUE,0.12470908310880952,0.7175462133658899,0.3687900582829976,-0.25585957859887165,-0.2699703643230589
chad friendenemy_173,1,Friend-Enemy,18,Female,consistent first,TRUE,TRUE,0.037367385323085874,0.2533709212362969,0.2567450391057266,-0.2092309360533361,-0.19583436549832484
chad friendenemy_174,1,Friend-Enemy,NA,NA,consistent first,TRUE,FALSE,-0.059134840498606935,0.4204206355888072,-0.6336389884945814,-0.12541686826049872,-0.11460850837965995
chad friendenemy_175,1,Friend-Enemy,20,Female,consistent first,TRUE,TRUE,0.12257244849397649,0.8196479008753697,-2.593655765557781e-4,-0.3320263129463949,0.08279217646879303
chad friendenemy_180,1,Friend-Enemy,18,Male,consistent first,TRUE,FALSE,0.26474280707918574,0.5086847152529079,0.4608655101132184,-0.21434722560512895,0.3429304379032447
chad friendenemy_182,1,Friend-Enemy,19,Male,consistent first,TRUE,TRUE,0.17312800927381566,0.561301509443574,0.1743902883632982,-0.15670240921812542,0.5509713292779141
chad friendenemy_187,1,Friend-Enemy,18,Male,consistent first,FALSE,FALSE,0.16174151608658796,-0.10251664502332788,0.3359961872687125,0.1701441757497092,0.2040354802851201
chad friendenemy_188,1,Friend-Enemy,NA,NA,consistent first,TRUE,TRUE,0.3567823367050666,0.24949554831961335,0.3545463453349259,0.09730322507429012,0.9075099852977868
chad friendenemy_189,1,Friend-Enemy,19,Female,consistent first,TRUE,TRUE,-0.05867362062744365,0.4923245379988217,0.0713223867596915,-0.185407452030444,-0.5195128616757838
chad friendenemy_203,1,Friend-Enemy,20,Male,consistent first,TRUE,TRUE,0.4020132323837174,0.7483352431006208,0.4702941019550908,0.34755018392374243,0.09064592670823442
chad friendenemy_204,1,Friend-Enemy,19,Female,consistent first,TRUE,TRUE,0.21951808664824385,0.09400221715843704,0.5248186842304969,0.34091022745044947,-0.201000373458779
chad friendenemy_205,1,Friend-Enemy,NA,NA,consistent first,TRUE,TRUE,0.21924058319752804,0.5007479419267727,0.20410982861348448,-0.07912600979923315,0.3802044324610931
chad friendenemy_211,1,Friend-Enemy,18,Female,consistent first,TRUE,TRUE,0.4035833147968389,0.616443661705865,0.7169121336229363,0.09256425067659203,0.23922901224361137
chad friendenemy_212,1,Friend-Enemy,19,Male,consistent first,TRUE,TRUE,0.2262709997599288,0.4742871300358878,0.9156145279121418,-0.26902683042664344,-0.5742771550252288
chad friendenemy_213,1,Friend-Enemy,18,Female,consistent first,TRUE,FALSE,-0.0929378077510756,0.4702620416371196,0.0010976790700512392,-0.3568580442503188,-0.32733532719225394
chad friendenemy_217,1,Friend-Enemy,18,Female,consistent first,FALSE,FALSE,-0.05883189563765901,-0.017582783837122168,0.12904352096084085,-0.6833883567505545,0.482293115026556
chad friendenemy_218,1,Friend-Enemy,18,Male,consistent first,TRUE,TRUE,0.3556764004861488,0.6887359382106265,0.12204995250577168,0.5965392769413174,0.06824763269860248
chad friendenemy_219,1,Friend-Enemy,19,Male,consistent first,FALSE,FALSE,0.02069368911062436,0.33609493060333284,-0.12775900469671855,-0.0272580017231432,-0.2105761386394708
chad friendenemy_225,1,Friend-Enemy,NA,NA,consistent first,TRUE,FALSE,-0.10237376109384932,0.6831470464252325,0.6164319684551577,-0.556439722217084,-0.6380171002708819
chad friendenemy_226,1,Friend-Enemy,19,Female,consistent first,TRUE,TRUE,0.5026954315241785,0.6539787680423789,0.8139555990564802,-0.22619914201799,0.5935216741605617
chad friendenemy_303,1,Friend-Enemy,19,Female,consistent first,TRUE,FALSE,-0.11079312765757152,0.6993686325159758,-0.139380949332389,-0.3514440248787923,-0.09440097282397408
chad friendenemy_304,1,Friend-Enemy,18,Female,consistent first,TRUE,TRUE,0.20700714392215075,0.14337173873626918,0.5719554022020111,-0.192992917872222,0.4144027590061803
chad friendenemy_305,1,Friend-Enemy,18,Female,consistent first,FALSE,FALSE,0.6246348613060339,0.8455446974908358,0.6987143222860447,0.1963846438522763,0.75205342861125
chad friendenemy_310,1,Friend-Enemy,18,Female,consistent first,TRUE,FALSE,0.14756648716783963,0.30145291584886147,0.47095331401439167,-0.6616755201664052,0.36466718963562006
chad friendenemy_311,1,Friend-Enemy,18,Female,consistent first,TRUE,TRUE,-0.06528662074020947,0.2411399147246356,-0.15444918770543767,-0.4452383941477342,0.17800091449213923
chad friendenemy_312,1,Friend-Enemy,19,Male,consistent first,TRUE,TRUE,0.24128154171322144,0.8526805111294402,0.4381977462149708,-0.5172870706630185,0.05245575134950027
chad friendenemy_317,1,Friend-Enemy,18,Female,consistent first,TRUE,FALSE,0.4040606387164563,0.6377000737210785,0.9374539052095208,0.16456385135733534,0.13079291668708817
chad friendenemy_318,1,Friend-Enemy,19,Female,consistent first,TRUE,FALSE,0.4436993228958973,0.6558245005034753,0.1579402308043036,0.4309722484107431,0.4500638524818731
chad friendenemy_319,1,Friend-Enemy,18,Male,consistent first,TRUE,TRUE,0.21670743793789576,0.5171360083029313,0.0971900833986192,-0.1979026377597605,0.4126597890891555
chad friendenemy_324,1,Friend-Enemy,18,Female,consistent first,TRUE,FALSE,-0.14057186239662375,0.03496842669027474,-0.3253037144349753,-0.1784974780824671,0.09417200885453451
chad friendenemy_325,1,Friend-Enemy,18,Female,consistent first,TRUE,TRUE,0.13778035795150756,0.8039341889979505,-0.22533513944610423,-0.12051300242963137,0.12149086868580816
chad friendenemy_326,1,Friend-Enemy,18,Male,consistent first,TRUE,TRUE,0.5725844460230025,0.906892774251002,0.7353344362841646,0.4533898229847029,0.3570644813635432
chad friendenemy_331,1,Friend-Enemy,19,Female,consistent first,TRUE,TRUE,0.12249258056591794,0.32026880775222466,0.662986741220159,-0.22598973149250756,-0.13285877460061124
chad friendenemy_332,1,Friend-Enemy,NA,NA,consistent first,TRUE,TRUE,0.20799648286252817,0.3619833801879188,-0.5069172693075237,0.17573547195374475,0.609334076851508
chad friendenemy_338,1,Friend-Enemy,18,Female,consistent first,TRUE,TRUE,-0.10915374609506516,0.1712842351932744,-0.15605020248769966,0.18203996665945532,-0.4128982051897897
chad friendenemy_339,1,Friend-Enemy,NA,NA,consistent first,TRUE,TRUE,-0.16453351688127854,0.0907444558151258,0.03420121611959296,-0.61211910087703,-0.1812069086672869
chad friendenemy_340,1,Friend-Enemy,19,Female,consistent first,TRUE,FALSE,0.3862278945373154,0.5965383194308492,0.1767126773988673,0.3647137938406897,0.5069171815283557
chad friendenemy_345,1,Friend-Enemy,21,Female,consistent first,FALSE,FALSE,0.1158760291354128,0.1568968866245794,0.05054569649662416,-0.1218421561591126,0.31122117185831627
chad friendenemy_346,1,Friend-Enemy,NA,NA,consistent first,TRUE,FALSE,0.15413649205218646,0.3972816889229915,-0.012595998129695836,-0.17009052869658867,0.4582156861905156
chad friendenemy_347,1,Friend-Enemy,28,Male,consistent first,TRUE,FALSE,-0.23417910934585545,0.21556564006887,-0.18839605144795252,-0.4534274316168356,-0.3461069924821568
chad friendenemy_352,1,Friend-Enemy,19,Female,consistent first,TRUE,TRUE,0.01723793371872357,0.3740269971391584,0.1687661878026095,-0.1131865553497323,-0.4399973015518183
chad friendenemy_353,1,Friend-Enemy,NA,NA,consistent first,TRUE,TRUE,-0.32799965530649755,-0.36940301584607177,-0.3257910109243796,-0.08396173268312157,-0.5137188021875204
chad friendenemy_354,1,Friend-Enemy,18,Female,consistent first,TRUE,TRUE,-0.15352889462074307,0.04954530423189804,-0.1844590110843727,-0.3286207255129592,-0.3448891404235321
chad friendenemy_359,1,Friend-Enemy,19,Female,consistent first,TRUE,TRUE,-3.998651495991998e-4,0.11745078087534189,-0.11070805228423666,-0.2399599513587292,0.43963757692624855
chad friendenemy_360,1,Friend-Enemy,NA,NA,consistent first,TRUE,TRUE,0.06852797534476698,0.7265919381548632,-0.4653977310906808,-0.370872451231085,0.1885197651402793
chad friendenemy_361,1,Friend-Enemy,18,Male,consistent first,TRUE,FALSE,-0.039757320775304576,0.07517402194533819,0.25092775544338186,-0.2247118160436352,-0.07228411161143555
chad friendenemy_366,1,Friend-Enemy,21,Male,consistent first,TRUE,TRUE,0.02827261760498884,0.6390710363321026,0.1778168223899814,-0.4502932841848133,-0.17949771117259258
chad friendenemy_367,1,Friend-Enemy,NA,NA,consistent first,TRUE,FALSE,-0.03152806427605622,0.11272153465296544,-0.02086797924588733,-0.06288013425419255,-0.11237954517209192
chad friendenemy_368,1,Friend-Enemy,18,Male,consistent first,FALSE,FALSE,0.2131190795327345,0.4742088771648269,0.7513112519669393,-0.15541929576604016,-0.22907951064549173
chad friendenemy_373,1,Friend-Enemy,30,Male,consistent first,TRUE,TRUE,-0.04014132004594576,-0.023428452048081947,0.10513176877404992,-0.1770216676260837,-0.01270304711640986
chad friendenemy_374,1,Friend-Enemy,NA,NA,consistent first,TRUE,TRUE,0.08318117438929633,0.18664874682908375,0.5860543585414192,-0.193272297907052,-0.19887630037669643
chad friendenemy_403,1,Friend-Enemy,18,Female,consistent first,TRUE,FALSE,0.2312710043044148,0.6800440107632413,0.3412470719990916,-0.4792113740207048,0.33606545522663456
chad friendenemy_404,1,Friend-Enemy,19,Female,consistent first,TRUE,TRUE,0.3316563725357942,0.5594673483608181,0.4103995692410549,-0.12243081753685991,0.3856071063555291
chad friendenemy_405,1,Friend-Enemy,18,Female,consistent first,TRUE,TRUE,-0.19290177015065357,-0.018885226615508077,-0.017917410030240753,-0.6388487909359655,-0.2463112075029761
chad friendenemy_410,1,Friend-Enemy,18,Female,consistent first,FALSE,FALSE,0.7198237134486587,1.2428788307312586,0.9476857147393364,0.4176626539554458,0.25050993646570946
chad friendenemy_412,1,Friend-Enemy,18,Male,consistent first,TRUE,FALSE,-0.02546735412322375,1.1685285097990683,-0.1429175965886322,-0.3287756896543388,-0.38119614811912456
chad friendenemy_503,1,Friend-Enemy,18,Female,consistent first,TRUE,FALSE,0.3641919666266527,0.8603520878625032,0.07562789523111027,0.4469408865818901,0.1545382634209128
chad friendenemy_504,1,Friend-Enemy,19,Female,consistent first,TRUE,FALSE,0.32279156865207803,0.5378662279014305,0.5195099663505662,-0.5816783344215606,0.5771931369453477
chad friendenemy_505,1,Friend-Enemy,18,Female,consistent first,TRUE,FALSE,0.23919205533039103,0.5392593236234292,0.0696353836907463,0.231176478773848,0.2412423349051528
chad friendenemy_510,1,Friend-Enemy,19,Female,consistent first,TRUE,TRUE,0.4761341683703491,0.5705719416277273,0.7879317776511394,-0.6163351184683449,0.7039298155163227
chad friendenemy_511,1,Friend-Enemy,NA,NA,consistent first,TRUE,TRUE,0.40205595913530623,1.058340986456417,0.4036478515080559,0.05560878284306549,0.014440908786764822
chad friendenemy_512,1,Friend-Enemy,18,Female,consistent first,TRUE,TRUE,0.28929366544082574,0.62794549424125,0.405204109698557,0.1828631920431089,0.26825182858166985
chad friendenemy_517,1,Friend-Enemy,19,Female,consistent first,TRUE,TRUE,-0.08658706356310053,0.802732565161302,-0.5810689037184139,-0.5337362985827471,0.2546731395095298
chad friendenemy_518,1,Friend-Enemy,NA,NA,consistent first,TRUE,FALSE,0.3663512956545209,0.5291647809369506,0.866725352825589,-0.20892881504298208,0.7992535675556982
chad friendenemy_519,1,Friend-Enemy,19,Female,consistent first,TRUE,FALSE,0.14212423587903228,0.7775861845960853,0.4983361894169373,-0.013373270956607796,-0.3150828241326267
chad friendenemy_603,1,Friend-Enemy,19,Female,consistent first,TRUE,TRUE,0.28828879704266724,0.13042317819164245,0.5637029363187234,0.3873516446547736,0.1031603655412086
chad friendenemy_604,1,Friend-Enemy,NA,NA,consistent first,TRUE,TRUE,0.3910557782906484,0.4388022261216089,0.3996105131990804,0.3809595555154467,0.6407662643474173
chad friendenemy_605,1,Friend-Enemy,18,Male,consistent first,TRUE,FALSE,0.11049033033074886,0.1635968598420348,0.11361957646206688,-0.05049909281186079,0.2522555267773595
chad friendenemy_610,1,Friend-Enemy,19,Male,consistent first,TRUE,TRUE,0.288826286671703,0.0415144995614521,0.028373203654310945,0.3207266258974275,0.6045481329497759
chad friendenemy_611,1,Friend-Enemy,NA,NA,consistent first,TRUE,TRUE,0.20503451131562203,0.41342392210058826,0.3704909519391663,-0.15884114719544046,0.04280120054240503
chad friendenemy_612,1,Friend-Enemy,18,Male,consistent first,TRUE,TRUE,-0.08356890397549933,-0.6114354414183629,0.1899035628278824,-0.06793459281460866,-0.046384379831672005
chad lincolnhitler_101,1,Lincoln-Hitler,25,Male,consistent first,TRUE,TRUE,0.4980052815416827,0.7496324093983706,0.44112926033022176,0.5696193266242029,0.17391949652071062
chad lincolnhitler_102,1,Lincoln-Hitler,20,Male,consistent first,TRUE,FALSE,0.20916372259673835,0.1952057895213245,0.2075580550449825,0.05633156675100246,0.4329832423861665
chad lincolnhitler_104,1,Lincoln-Hitler,18,Male,consistent first,TRUE,TRUE,0.2549310744517462,0.7345265579856473,-0.5394781418989028,0.5174575556726251,0.8506924156137974
chad lincolnhitler_105,1,Lincoln-Hitler,18,Female,consistent first,TRUE,TRUE,-0.14967498638098706,-0.04176020637118232,0.3183983396865024,-0.648486176413981,-0.09770385333324476
chad lincolnhitler_108,1,Lincoln-Hitler,18,Female,consistent first,TRUE,TRUE,0.27742507188872423,0.8596680440524213,0.7188318611610899,-0.4059395364316298,-0.2088267515506133
chad lincolnhitler_109,1,Lincoln-Hitler,18,Female,consistent first,FALSE,FALSE,0.5018629181003421,0.54331966998582,0.663985715869814,0.4346434061855214,0.35915541245314603
chad lincolnhitler_111,1,Lincoln-Hitler,19,Male,consistent first,FALSE,FALSE,0.11657138134410912,-0.2949377312398781,0.5005260533593924,0.16747465267352118,0.03646201833142464
chad lincolnhitler_112,1,Lincoln-Hitler,18,Female,consistent first,TRUE,TRUE,0.08050761487055146,0.18770437352622904,-0.14404736659554218,-0.25703322068242246,0.6210134866854617
chad lincolnhitler_115,1,Lincoln-Hitler,19,Male,consistent first,TRUE,TRUE,0.5558604130544282,0.6583041355248028,0.9890401354715016,0.5115331532780247,0.030860735214936943
chad lincolnhitler_116,1,Lincoln-Hitler,18,Male,consistent first,TRUE,TRUE,0.0356002703016389,0.5326536950462226,0.12356284773437023,-0.2878807788183491,-0.3230131324685285
chad lincolnhitler_118,1,Lincoln-Hitler,19,Female,consistent first,TRUE,TRUE,0.2520753684030082,0.16245370449912436,0.5174910229934306,-0.11186845938375052,0.4444317434300241
chad lincolnhitler_119,1,Lincoln-Hitler,NA,Female,consistent first,TRUE,TRUE,0.25017497902244373,0.18117053418054932,0.5370729426819747,0.01780717818225945,0.18908925884225403
chad lincolnhitler_122,1,Lincoln-Hitler,18,Male,consistent first,TRUE,TRUE,0.16294921242003177,0.6537833628888841,-0.202552749747784,-0.5105339775917375,0.40500088306977255
chad lincolnhitler_123,1,Lincoln-Hitler,19,Female,consistent first,TRUE,TRUE,0.26477857976961106,0.7882021418279272,0.211900406237136,-0.09016886771018635,0.17492956097983825
chad lincolnhitler_125,1,Lincoln-Hitler,19,Male,consistent first,TRUE,TRUE,0.5276624054794828,0.4455774420777194,0.6872509833256909,0.739903783374042,0.1411062837430843
chad lincolnhitler_126,1,Lincoln-Hitler,18,Female,consistent first,TRUE,TRUE,0.2773165903084411,0.5519218442037217,0.01928494415220098,0.3113771673880212,0.23752228334097983
chad lincolnhitler_129,1,Lincoln-Hitler,18,Female,consistent first,TRUE,TRUE,0.4475908404781398,0.7783887755578692,0.4217273706426909,-0.3568066469293855,0.7561390324684264
chad lincolnhitler_130,1,Lincoln-Hitler,18,Female,consistent first,FALSE,FALSE,-0.00710774105139422,-0.04161070067822371,-0.06614130865732704,-0.4157353626397659,0.4927449080786824
chad lincolnhitler_132,1,Lincoln-Hitler,18,Female,consistent first,FALSE,FALSE,0.28122709092167,0.7203859042123099,0.4247817182182612,-0.06062088788688543,0.08170771860824816
chad lincolnhitler_133,1,Lincoln-Hitler,33,Male,consistent first,TRUE,TRUE,0.1408230026578123,0.5874986526123778,-0.3597593362773519,0.003467196242895899,0.3597903752601392
chad lincolnhitler_136,1,Lincoln-Hitler,18,Female,consistent first,TRUE,TRUE,-0.04741313729363798,-0.09521020403560149,-0.015935756278529473,-0.17891901059802512,0.121902648061098
chad lincolnhitler_137,1,Lincoln-Hitler,18,Female,consistent first,TRUE,TRUE,0.08871485597455014,0.5435027571627253,-0.20438742223978837,0.3536829131604789,-0.4536815581664352
chad lincolnhitler_139,1,Lincoln-Hitler,NA,Male,consistent first,TRUE,TRUE,0.09012430157227996,0.4146466933641106,-0.017547786877444734,-0.1249437476141426,0.23700066697988847
chad lincolnhitler_140,1,Lincoln-Hitler,18,Female,consistent first,TRUE,TRUE,-0.05897598608207751,0.4422120722906108,-0.4600734929033621,-0.4336206347535472,0.4774824874058146
chad lincolnhitler_143,1,Lincoln-Hitler,25,Female,consistent first,TRUE,TRUE,-0.03808214798220794,-0.34069249239204086,0.4697286131729488,-0.10989951198771866,-0.10653851299271376
chad lincolnhitler_144,1,Lincoln-Hitler,18,Female,consistent first,FALSE,FALSE,0.2723864621424972,0.4818867589702909,0.16510648628805993,-0.2218629723105961,0.43214457013111807
chad lincolnhitler_146,1,Lincoln-Hitler,19,Male,consistent first,FALSE,FALSE,0.650529610200774,0.6118775756713887,0.3220965598078045,0.9199876233261568,1.2849918741838868
chad lincolnhitler_147,1,Lincoln-Hitler,18,Female,consistent first,TRUE,TRUE,0.29067005484208885,0.6706841385334535,0.1835017423338929,0.2471801725942361,0.11226090217374037
chad lincolnhitler_150,1,Lincoln-Hitler,30,Male,consistent first,TRUE,TRUE,-0.242714565673359,-0.08644210802095038,-0.29358011182768806,-0.31674229553085587,-0.4282387140823334
chad lincolnhitler_151,1,Lincoln-Hitler,24,Male,consistent first,TRUE,FALSE,0.10000872853571575,0.005014967871620248,0.6183522223614231,0.09626152429557104,-0.0927368580023994
chad lincolnhitler_153,1,Lincoln-Hitler,18,Female,consistent first,TRUE,FALSE,0.10767518661619524,0.3566665105349205,0.3289638852725981,-0.1597045322989381,-0.0702166905462693
chad lincolnhitler_154,1,Lincoln-Hitler,NA,NA,consistent first,TRUE,TRUE,0.258634020162656,0.8475829351824343,0.406140997484465,-0.2525732156841097,0.14570809303459792
chad lincolnhitler_157,1,Lincoln-Hitler,18,Female,consistent first,TRUE,FALSE,0.21265661589576945,0.3987617637807348,0.5287800573733107,-0.5464318162672503,0.0967080184679275
chad lincolnhitler_158,1,Lincoln-Hitler,18,Female,consistent first,TRUE,TRUE,0.10566675592265222,-0.20077695844839613,0.4533487001552264,-0.10767408276634906,0.19508059397295452
chad lincolnhitler_160,1,Lincoln-Hitler,18,Female,consistent first,TRUE,FALSE,0.4608379980544671,0.4834756311065239,0.6816441228116213,0.4868234919058063,0.1687482577176755
chad lincolnhitler_161,1,Lincoln-Hitler,NA,NA,consistent first,TRUE,TRUE,0.31614109774242755,0.107313786289169,0.10059756715413036,0.6685922272455255,0.38287170880976656
chad lincolnhitler_164,1,Lincoln-Hitler,20,Male,consistent first,TRUE,TRUE,-0.1547031325162829,0.023968714708161084,-0.1196551526365838,-0.5596260458920485,-0.12008806836378548
chad lincolnhitler_165,1,Lincoln-Hitler,19,Female,consistent first,TRUE,FALSE,-0.017688346067742552,0.008501273686016962,0.21519320606891096,0.05685748214193747,-0.3254110687371681
chad lincolnhitler_167,1,Lincoln-Hitler,18,Female,consistent first,TRUE,FALSE,-0.3355770742761885,0.1529992542531542,-0.5186561304059245,-0.6477971891868278,-0.04389978538828053
chad lincolnhitler_168,1,Lincoln-Hitler,NA,NA,consistent first,TRUE,TRUE,0.015666457060363896,-0.0794680510666839,0.530510995149366,-0.2476347551784172,-0.2916910374685643
chad lincolnhitler_171,1,Lincoln-Hitler,19,Male,consistent first,TRUE,TRUE,0.1454365460378361,0.5985581479784574,0.4116899450005888,-0.39296649896985136,0.25413304871527104
chad lincolnhitler_172,1,Lincoln-Hitler,18,Male,consistent first,TRUE,FALSE,0.21228734522383488,0.08990408463372428,0.3272782871100045,0.24329749412160195,0.15382071581812748
chad lincolnhitler_174,1,Lincoln-Hitler,18,Female,consistent first,FALSE,FALSE,-0.1447063029882731,-0.6968370711173294,-0.7712561204041706,0.4646143552094111,0.10694276768597293
chad lincolnhitler_175,1,Lincoln-Hitler,NA,NA,consistent first,TRUE,FALSE,-0.3120353493015344,0.43683666183271846,-0.8265211216883366,-0.7038164373560591,0.09021065169870132
chad lincolnhitler_178,1,Lincoln-Hitler,20,Female,consistent first,TRUE,TRUE,0.23759498852519623,1.0398236067757625,0.06132786332316891,-0.5111764301178493,0.37629805158428736
chad lincolnhitler_179,1,Lincoln-Hitler,19,Female,consistent first,TRUE,TRUE,0.17701182936625834,0.29597759610782326,-0.02774870198600784,0.24538665801214968,0.21051304603706653
chad lincolnhitler_181,1,Lincoln-Hitler,21,Female,consistent first,TRUE,TRUE,-0.2424104824089983,0.2322613904621815,-0.5107626560610109,-0.1522172342305291,-0.40427050225458194
chad lincolnhitler_182,1,Lincoln-Hitler,NA,NA,consistent first,TRUE,TRUE,0.1851992270428019,0.4966236552751712,-0.3997473240635442,0.2269420966562057,0.37820415202616897
chad lincolnhitler_185,1,Lincoln-Hitler,18,Male,consistent first,TRUE,FALSE,0.1868487738679849,-0.1817305616388417,0.29348900822420027,0.1929555430430401,0.3434722121575225
chad lincolnhitler_186,1,Lincoln-Hitler,18,Male,consistent first,TRUE,FALSE,-0.5412242636766786,-0.5371204031375895,-0.31918007242063345,-0.5730273866166197,-0.7793070268009488
chad lincolnhitler_188,1,Lincoln-Hitler,18,Female,consistent first,TRUE,FALSE,-0.1878265474582181,0.4377249746901134,0.02518708716161976,-0.48756817294248966,-0.4884861857518178
chad lincolnhitler_189,1,Lincoln-Hitler,NA,NA,consistent first,TRUE,TRUE,-0.03941668174740318,0.3386149968031771,0.5022840098775356,-0.6094729405858546,0.14528452705206513
chad lincolnhitler_201,1,Lincoln-Hitler,21,Male,consistent first,TRUE,FALSE,0.3960770681094081,0.8548217340976055,0.1583282853308187,0.26987869262424424,0.42986155198369935
chad lincolnhitler_202,1,Lincoln-Hitler,22,Male,consistent first,TRUE,FALSE,0.27417469209450324,0.8411583494880727,0.5673046144748269,-0.2196127626463716,0.07358328997880229
chad lincolnhitler_204,1,Lincoln-Hitler,19,Female,consistent first,TRUE,TRUE,-0.17613505726539072,0.563030788075383,-0.2398302028322976,-0.4980291102039934,-0.3944987347835025
chad lincolnhitler_205,1,Lincoln-Hitler,NA,NA,consistent first,TRUE,FALSE,0.3488997436216872,0.5846124521151288,0.8732558286725753,-0.06994051302785251,0.13883634967690806
chad lincolnhitler_208,1,Lincoln-Hitler,18,Male,consistent first,TRUE,TRUE,0.20641884473930505,0.4997180810733383,0.8861452248585797,-0.17036470642198695,-0.24391830403529635
chad lincolnhitler_209,1,Lincoln-Hitler,18,Female,consistent first,TRUE,TRUE,-0.02587115742567955,-0.4980349092817735,0.4651595374973684,-0.0021006851503774784,0.09521688190193008
chad lincolnhitler_211,1,Lincoln-Hitler,18,Female,consistent first,TRUE,FALSE,-0.031104460547070063,0.09146769662362526,0.7533183365289999,0.05934779125731164,-0.531027264282505
chad lincolnhitler_212,1,Lincoln-Hitler,19,Male,consistent first,TRUE,TRUE,0.08009846203269501,0.3824024903619511,-0.008924670769629084,-0.4871040621452602,0.397654454197456
chad lincolnhitler_215,1,Lincoln-Hitler,19,Female,consistent first,TRUE,FALSE,-0.025406074655790013,0.3984677601997095,0.1371736669149777,0.04923841149211885,-0.622047153863628
chad lincolnhitler_216,1,Lincoln-Hitler,18,Female,consistent first,FALSE,FALSE,0.3709514129973887,0.8229012521447459,0.317301884903587,0.06394483766926673,0.378033450389456
chad lincolnhitler_218,1,Lincoln-Hitler,18,Male,consistent first,TRUE,TRUE,0.21471947591710883,0.747026279510761,0.019354796902520423,-0.2401154822443184,0.19515137507799588
chad lincolnhitler_219,1,Lincoln-Hitler,NA,NA,consistent first,TRUE,FALSE,0.2122933751528993,0.07917555922618363,0.21149096253270863,0.2741485423329486,0.3142087066489212
chad lincolnhitler_222,1,Lincoln-Hitler,22,Male,consistent first,TRUE,TRUE,0.08895562165867822,0.3809960703523855,0.08762057436036351,-0.5217260934983268,0.3804693987954008
chad lincolnhitler_223,1,Lincoln-Hitler,18,Female,consistent first,FALSE,FALSE,-0.01790329134411478,-0.106266602355959,-0.19736244288451577,0.260765665904393,0.13906646981727963
chad lincolnhitler_225,1,Lincoln-Hitler,18,Female,consistent first,FALSE,FALSE,0.1083358954283647,0.41892955226832834,-0.21403228161822968,0.435806546041737,-0.13108401088634608
chad lincolnhitler_226,1,Lincoln-Hitler,NA,NA,consistent first,TRUE,FALSE,0.4156476484073218,0.7864747640294377,-0.03640707250655653,-0.032138820662079355,0.7416830413830309
chad lincolnhitler_301,1,Lincoln-Hitler,NA,Female,consistent first,TRUE,FALSE,0.2110417005780815,1.0811201023340355,-0.13915767978371493,0.24623100601825768,-0.4541797750831859
chad lincolnhitler_302,1,Lincoln-Hitler,18,Female,consistent first,TRUE,TRUE,-0.0031138096077380378,0.5523201206040091,-0.030539611241006875,-0.8025437826425514,0.2975912515767606
chad lincolnhitler_304,1,Lincoln-Hitler,18,Female,consistent first,TRUE,FALSE,0.07941510681411917,-0.16632711991878688,-0.1807983408168602,-0.3395226884548008,1.0181379623048603
chad lincolnhitler_305,1,Lincoln-Hitler,18,Female,consistent first,TRUE,FALSE,0.5918069743874229,0.7664854460031129,0.487055785250647,0.47504495978390615,0.5866915817080549
chad lincolnhitler_308,1,Lincoln-Hitler,18,Female,consistent first,TRUE,TRUE,-0.04499797921250187,0.4432162596265,-0.23648149267356192,-0.3397237844546233,-0.0317894016750927
chad lincolnhitler_309,1,Lincoln-Hitler,19,Male,consistent first,TRUE,TRUE,0.05355197236252166,0.46452990298985375,0.5767555112810164,-0.645012990052991,-0.14264413231124984
chad lincolnhitler_311,1,Lincoln-Hitler,18,Female,consistent first,FALSE,FALSE,0.21473087794271137,0.5123871106855996,-0.22628965068692275,-0.32108733054643923,0.7819812625487745
chad lincolnhitler_315,1,Lincoln-Hitler,18,Female,consistent first,TRUE,FALSE,0.20711608627414424,0.15048982571395375,-0.05731479677934349,0.20904324260563384,0.5790575423989469
chad lincolnhitler_316,1,Lincoln-Hitler,18,Female,consistent first,TRUE,TRUE,0.12987335675567788,0.5970582737177058,0.5536409080224929,0.14347724223816416,-0.6461983052398119
chad lincolnhitler_318,1,Lincoln-Hitler,19,Female,consistent first,TRUE,TRUE,0.06496097141521252,0.45558551310552287,0.3759174792138441,-0.5170924043601717,0.3752545364522357
chad lincolnhitler_319,1,Lincoln-Hitler,18,Male,consistent first,TRUE,TRUE,-0.1245041198117556,0.2834338947447877,0.04741282772220903,-0.638551588796547,-0.19179888775041004
chad lincolnhitler_322,1,Lincoln-Hitler,19,Female,consistent first,TRUE,FALSE,0.16330366046694622,0.7125499023000723,-0.046754886994169145,0.05609472397260182,0.03642317306723835
chad lincolnhitler_323,1,Lincoln-Hitler,19,Male,consistent first,TRUE,TRUE,0.05654358577840593,0.5267909007474788,0.04771376196259211,-0.32391521725253947,0.0772664097306473
chad lincolnhitler_325,1,Lincoln-Hitler,18,Female,consistent first,TRUE,TRUE,-0.13214595312252675,0.6328610559949467,-0.3712321677020871,-1.1920983432638774,-0.091815412720454
chad lincolnhitler_326,1,Lincoln-Hitler,18,Male,consistent first,TRUE,TRUE,0.1456152163942462,0.758602570165034,0.26000256947225475,-0.4584019481652733,-0.2116449494243996
chad lincolnhitler_329,1,Lincoln-Hitler,18,Male,consistent first,TRUE,TRUE,-0.12203124569616992,-0.20921592800899969,-0.0996146136839277,-0.6410696173630136,0.3567412596303364
chad lincolnhitler_332,1,Lincoln-Hitler,18,Female,consistent first,TRUE,FALSE,-0.012993729312527036,0.040284542508723,-0.07286159927947373,-0.3628162682901535,0.09718917752605329
chad lincolnhitler_336,1,Lincoln-Hitler,19,Female,consistent first,TRUE,FALSE,-0.074589615561214,-0.33989923388261406,0.33190789836749657,-0.03759157083412591,-0.3310006627446603
chad lincolnhitler_337,1,Lincoln-Hitler,20,Male,consistent first,TRUE,FALSE,-0.21067816705518705,-0.05133696452725265,0.3877998628106195,-0.5308387820601616,-0.5408317087537524
chad lincolnhitler_339,1,Lincoln-Hitler,19,Female,consistent first,TRUE,TRUE,0.2317574442669831,0.7382733906635892,0.5374972703160611,-0.6042300542618074,0.130413033572699
chad lincolnhitler_340,1,Lincoln-Hitler,NA,NA,consistent first,TRUE,TRUE,0.1943954411076003,0.17393484025317502,0.22335544434267807,0.054118845862863696,0.3343936221956378
chad lincolnhitler_343,1,Lincoln-Hitler,18,Male,consistent first,TRUE,TRUE,-0.3163989162885945,0.04508470300063328,-0.12579104351247244,-0.6058156008360549,-0.5305730385376244
chad lincolnhitler_344,1,Lincoln-Hitler,29,Female,consistent first,TRUE,TRUE,0.3400548831083523,0.17109679999214397,0.1578212602296823,0.2190189914231337,0.9136815785790128
chad lincolnhitler_346,1,Lincoln-Hitler,18,Female,consistent first,FALSE,FALSE,-0.012875405733428257,0.25313770588574713,0.07733538324096834,-0.48752918096756137,-0.03341821965588944
chad lincolnhitler_350,1,Lincoln-Hitler,18,Female,consistent first,TRUE,TRUE,-0.14853900637741552,0.42108483008809056,-0.011516454697030078,-0.012428148202025096,-0.8637881858743289
chad lincolnhitler_351,1,Lincoln-Hitler,18,Male,consistent first,FALSE,FALSE,-0.051742923336438616,-0.21908471402014448,0.19629845803713208,-0.1607373210694577,-0.04521137611515847
chad lincolnhitler_353,1,Lincoln-Hitler,18,Male,consistent first,TRUE,TRUE,-0.20575473342855277,0.23990392711439615,0.2464379519780164,-0.14915817089661065,-0.8192552076516562
chad lincolnhitler_354,1,Lincoln-Hitler,NA,NA,consistent first,TRUE,TRUE,0.2250628518072996,0.7822300401629048,0.2032413956711573,-0.0762290110550274,-0.3946602215536164
chad lincolnhitler_357,1,Lincoln-Hitler,19,Male,consistent first,TRUE,FALSE,-0.2564440028990739,-0.6330100107642587,8.984743537393693e-4,0.047843718044256814,-0.5093403548533694
chad lincolnhitler_358,1,Lincoln-Hitler,19,Female,consistent first,TRUE,FALSE,0.20679890206604304,0.5553585359614498,0.07339788153810252,0.1961987566199816,0.09528366275664814
chad lincolnhitler_360,1,Lincoln-Hitler,18,Female,consistent first,TRUE,FALSE,-0.22291783883694544,-0.09723279494757676,-0.6869032850611911,0.04027242708356919,-0.2577235127177907
chad lincolnhitler_361,1,Lincoln-Hitler,NA,NA,consistent first,TRUE,TRUE,-0.06183716942338638,-0.18743354999716183,0.3618962156351661,-0.4369101649933315,0.20735587518162144
chad lincolnhitler_364,1,Lincoln-Hitler,19,Female,consistent first,TRUE,TRUE,-0.1341800598691946,-0.3638260650763828,0.2147411310674756,-0.16452629698495852,-0.05830632818334432
chad lincolnhitler_365,1,Lincoln-Hitler,19,Male,consistent first,TRUE,FALSE,0.1824890281998028,0.4459213312079116,0.025279507787237095,0.7185741963731036,-0.5783754405144635
chad lincolnhitler_367,1,Lincoln-Hitler,19,Male,consistent first,TRUE,FALSE,0.3531235591642007,0.42715855181883206,0.1793922722585977,0.10189596840163274,0.7303287145276155
chad lincolnhitler_368,1,Lincoln-Hitler,NA,NA,consistent first,TRUE,FALSE,0.141060821010543,0.5350046815927832,-0.1085845767181765,-0.0239397002490368,0.14342390810391983
chad lincolnhitler_371,1,Lincoln-Hitler,18,Female,consistent first,TRUE,TRUE,0.3786057915355807,0.5105145305757313,-0.10802079195455092,-0.03370771073759109,1.079171115733829
chad lincolnhitler_372,1,Lincoln-Hitler,19,Male,consistent first,TRUE,FALSE,-0.01582293980968727,0.08321831513450421,0.20444476994120644,0.08630349529475227,-0.49840668862821824
chad lincolnhitler_374,1,Lincoln-Hitler,20,Female,consistent first,TRUE,FALSE,-0.126948154376463,-0.16915513034897434,-0.295763048806292,-0.11983839974652634,0.16318983850388682
chad lincolnhitler_401,1,Lincoln-Hitler,18,Female,consistent first,TRUE,TRUE,0.15037284282369706,1.0802231780217928,-0.3883532320741001,0.3556849617855876,0.06759895577837433
chad lincolnhitler_402,1,Lincoln-Hitler,18,Female,consistent first,TRUE,FALSE,-0.06624073636056227,0.6443538080946049,-0.1557989814143989,-0.7431710394580363,0.12952913582950124
chad lincolnhitler_404,1,Lincoln-Hitler,19,Female,consistent first,TRUE,FALSE,0.1285171918993259,0.2637421051905978,0.1799997351992804,-0.3296013262457741,0.258532474456947
chad lincolnhitler_408,1,Lincoln-Hitler,19,Male,consistent first,TRUE,FALSE,0.1907490026712486,0.2520999753111303,0.38021796261194846,-0.04365428597586438,0.15803841234508895
chad lincolnhitler_409,1,Lincoln-Hitler,18,Female,consistent first,TRUE,TRUE,-0.025817158773822773,0.10775026191637792,0.04605881223029003,-0.39381566096956927,0.07412503868282211
chad lincolnhitler_411,1,Lincoln-Hitler,NA,Male,consistent first,FALSE,FALSE,0.21263096329980077,0.4119140369083597,-0.043118009405882826,0.3254707790700026,0.16448396959872782
chad lincolnhitler_412,1,Lincoln-Hitler,18,Male,consistent first,TRUE,TRUE,0.2229393567348384,0.9398652780502093,-0.060407962820405385,0.08263988335867999,0.2897714002137136
chad lincolnhitler_501,1,Lincoln-Hitler,18,Female,consistent first,TRUE,FALSE,0.02871699563528713,-0.3442339848049451,0.12094744140970398,0.22984466632504832,0.01810590062656104
chad lincolnhitler_502,1,Lincoln-Hitler,19,Female,consistent first,FALSE,FALSE,-0.019815191764352515,-0.2484725220710694,-0.2824532213320555,0.2491905612282964,0.14510665344944895
chad lincolnhitler_504,1,Lincoln-Hitler,19,Female,consistent first,TRUE,TRUE,-0.19668027237770616,0.09978299362333276,-0.05368064126822157,-0.753980232170935,-0.3342979248068368
chad lincolnhitler_505,1,Lincoln-Hitler,18,Female,consistent first,TRUE,TRUE,0.2382038279909528,0.2628454026784982,0.556389666771558,-0.19576083452264795,0.2659239178521535
chad lincolnhitler_508,1,Lincoln-Hitler,18,Female,consistent first,TRUE,TRUE,-0.17386123031871825,0.2549942203041149,0.6204348674094955,-0.5125162248096499,-0.4122240762628549
chad lincolnhitler_509,1,Lincoln-Hitler,19,Female,consistent first,TRUE,FALSE,-0.020501283308727872,-0.1534999945489782,0.44703738319216274,-0.29293422228751054,-0.037285117360041954
chad lincolnhitler_511,1,Lincoln-Hitler,18,Female,consistent first,TRUE,FALSE,-0.18008185877732355,-0.13773681561018356,-0.29997707056199235,-0.5790081185559698,0.2680392876526572
chad lincolnhitler_512,1,Lincoln-Hitler,NA,NA,consistent first,TRUE,TRUE,0.02213735912270441,-0.0034238193408116457,0.053090381959063314,-0.07748801924625069,0.1779289412743065
chad lincolnhitler_515,1,Lincoln-Hitler,19,Female,consistent first,TRUE,TRUE,0.12282838801106774,0.3257984774192123,0.5398819211292613,-0.148085897871974,-0.03924792714682437
chad lincolnhitler_516,1,Lincoln-Hitler,20,Female,consistent first,TRUE,FALSE,0.23217901219696424,0.628441939826254,0.003832181419378479,-0.02277372416544051,0.30706057855441404
chad lincolnhitler_518,1,Lincoln-Hitler,18,Female,consistent first,TRUE,TRUE,0.5805837828329241,0.6524619023882947,0.8727817177664061,0.2548956892163867,0.472646460183608
chad lincolnhitler_519,1,Lincoln-Hitler,NA,NA,consistent first,TRUE,TRUE,-0.24369131081263537,-0.1326993867702365,-0.3263515920972116,-0.273738037603671,-0.2622023550919006
chad lincolnhitler_601,1,Lincoln-Hitler,19,Female,consistent first,FALSE,FALSE,0.20419302698313824,-0.15695170590642302,0.2098288873511365,0.2086031162528293,0.5007632269373904
chad lincolnhitler_602,1,Lincoln-Hitler,19,Female,consistent first,TRUE,TRUE,-0.05644745576808668,-0.03729640609669917,-0.25124527388712015,-0.16284885051537656,0.1729653360457696
chad lincolnhitler_604,1,Lincoln-Hitler,19,Female,consistent first,TRUE,TRUE,-0.04632191478340867,0.002989067990533789,0.22950537549005057,-0.27049474282830305,-0.20666194575915448
chad lincolnhitler_605,1,Lincoln-Hitler,NA,NA,consistent first,TRUE,TRUE,0.31804178773075653,0.99033703927567,0.5858868075974112,-0.2715924025529288,-0.41894393754332926
chad lincolnhitler_608,1,Lincoln-Hitler,18,Female,consistent first,TRUE,FALSE,-0.14118756108077885,-0.06149170703542146,-0.07995372325016437,-0.32621852804214024,-0.1854150737907456
chad lincolnhitler_609,1,Lincoln-Hitler,18,Male,consistent first,FALSE,FALSE,0.4211892608744358,1.034485030806738,-0.13536110907752064,0.32783553822679307,0.4033024539342758
chad lincolnhitler_611,1,Lincoln-Hitler,18,Male,consistent first,TRUE,TRUE,0.33229510477521146,0.3672519435678222,0.3473109878532777,-0.2038270983213753,0.7615071525316065
chad lincolnhitler_612,1,Lincoln-Hitler,NA,NA,consistent first,TRUE,TRUE,0.04264292094797764,0.3068668392604761,0.05829182228537694,-0.007519477100806382,-0.306062756135142
chad lincolnhitler_701,1,Lincoln-Hitler,19,Female,consistent first,TRUE,FALSE,0.3187841336891848,1.1459357785114146,0.5058274110707245,-0.5188638364638036,0.11153542170403012
chad lincolnhitler_702,1,Lincoln-Hitler,25,Female,consistent first,TRUE,TRUE,0.43210660429655584,0.35005471057490484,0.48905782177132245,0.4751941701223065,0.504505046384806
chad religion_104,1,Religion,18,Female,consistent first,TRUE,TRUE,0.339881872602168,0.8748602915946005,0.17227467493677293,-0.06327593946467253,0.21348747646005792
chad religion_108,1,Religion,60,Female,inconsistent first,TRUE,TRUE,0.23294206122885147,0.5773467786972812,-0.06237597936308373,0.264682215764085,0.07596514756187916
chad religion_112,1,Religion,22,Female,consistent first,FALSE,FALSE,-0.12821555777025434,-0.28496731610508375,0.08824184062871919,-0.3424092223002496,0.035246849351238785
chad religion_116,1,Religion,18,Female,inconsistent first,TRUE,TRUE,0.24079776546733028,0.4774602279558755,-0.2154275353151625,0.3801051930645637,0.31983668933543274
chad religion_12,1,Religion,18,Female,consistent first,TRUE,TRUE,-0.30266660390728034,0.5666040464971653,0.2014079966799837,-0.7372604711970303,-0.7170125249145624
chad religion_120,1,Religion,19,Female,consistent first,TRUE,TRUE,-0.1026519835410777,0.4665157120888122,0.6862307471648992,-0.5947782439843236,-0.7336604395017929
chad religion_128,1,Religion,18,Female,consistent first,TRUE,FALSE,0.3927452845555477,0.5297941198737932,0.4570146349060228,0.2419388785829987,0.2784572580940543
chad religion_16,1,Religion,19,Female,inconsistent first,TRUE,TRUE,-0.15147151187431063,0.8784009822310681,-0.1802229059879215,-0.361766019379159,-0.5578699757892065
chad religion_20,1,Religion,19,Female,consistent first,TRUE,TRUE,-0.122382502289823,0.5327520039911422,-0.06823953890779409,-0.7909555457129549,-0.49509113087828704
chad religion_203,1,Religion,18,Male,consistent first,TRUE,FALSE,-0.21628180651754345,-0.4501680973769576,-0.023437010955236773,0.03123835152127746,-0.4563004502340943
chad religion_209,1,Religion,18,Male,consistent first,TRUE,TRUE,-0.21663868383212145,-0.42459322337028055,-0.5192330246628355,-0.02131493149424507,0.06674633391394652
chad religion_212,1,Religion,19,Male,inconsistent first,FALSE,FALSE,0.6156780799540366,0.7579991353017239,0.4927918959063457,1.0189158773309113,0.631391534681494
chad religion_215,1,Religion,20,Male,consistent first,TRUE,TRUE,-0.07344750449674653,-0.4474721515343922,0.3659192221363666,-0.5591801816689893,-0.36800294537317824
chad religion_239,1,Religion,20,Male,consistent first,TRUE,TRUE,0.2514967539778488,0.5175370652753752,0.6626451317613602,-0.013560800326858028,-0.10023540341805864
chad religion_242,1,Religion,19,Male,inconsistent first,TRUE,TRUE,-0.0865456422151169,0.29803978329841785,-0.17726970010214363,-0.1171086344428672,-0.5312325537502106
chad religion_248,1,Religion,18,Male,inconsistent first,TRUE,TRUE,0.12314234764270884,0.3863771226056592,0.1399197029123122,-0.4709240390631292,0.5972715838471887
chad religion_251,1,Religion,22,Male,consistent first,TRUE,TRUE,-0.07982927655054933,-0.04141051495996068,-0.2039315409923452,-0.0362135074316606,-0.04804369062283722
chad religion_254,1,Religion,20,Male,inconsistent first,FALSE,FALSE,0.13125766776124884,0.300080499779554,0.5341410955132442,-0.35962030306054693,-0.04435856467528677
chad religion_257,1,Religion,20,Male,consistent first,TRUE,TRUE,-3.484045213918879e-5,0.5659214951257706,0.023913134344242987,-0.5077893338746834,-0.2748127829867653
chad religion_260,1,Religion,18,Male,inconsistent first,TRUE,TRUE,0.03180053109480648,0.4677516787211704,0.3146280679337156,-0.7923236829618487,-1.6003373555032086e-4
chad religion_266,1,Religion,20,Male,inconsistent first,TRUE,TRUE,-0.021217595620375142,0.6836976402787923,0.18411745347614217,-0.6146648924910738,-0.14969151743106957
chad religion_269,1,Religion,20,Male,consistent first,TRUE,TRUE,-0.1186137210330345,0.07350605227180132,0.29196986645207246,-0.4652663930748798,-0.2601427029562442
chad religion_272,1,Religion,21,Male,inconsistent first,FALSE,FALSE,-0.1846664976466081,0.09072972907331717,0.05860299915301935,-0.6682457353100153,-0.054573958144029024
chad religion_306,1,Religion,19,Male,inconsistent first,TRUE,TRUE,-0.06751908058431637,0.6373804246957769,-0.07645104471513522,-0.27950767639218127,-0.5097722087770475
chad religion_309,1,Religion,18,Male,consistent first,FALSE,FALSE,0.10528360437213372,0.6408126545694447,-0.3552972280916243,-0.4421722951010142,-0.027058446973156177
chad religion_318,1,Religion,20,Male,inconsistent first,TRUE,TRUE,-0.0031947969630688666,0.3901911987422786,0.7537194854217608,-0.02126734467404139,-0.6976920827238182
chad religion_321,1,Religion,18,Male,consistent first,TRUE,TRUE,-0.0763903265904431,0.2570580517927059,-0.453135327258743,-0.6410102856978599,0.6126457010480839
chad religion_324,1,Religion,22,Male,inconsistent first,TRUE,FALSE,0.18716493249687605,0.5881381921744219,-0.21886770794320728,0.5231904817318513,0.1995539573009013
chad religion_40,1,Religion,20,Female,inconsistent first,TRUE,FALSE,0.11585733114253788,0.01597572732640251,0.27651977934887734,0.30960737190509224,-0.11121305533711756
chad religion_8,1,Religion,19,Female,consistent first,TRUE,FALSE,0.32157374015561985,0.6529449641002514,0.7296089171753505,-0.08556774962558507,0.02775506609145695
clintontrump_101,1,Clinton-Trump,18,Female,inconsistent first,TRUE,TRUE,0.1201119995519442,0.8023611086417872,0.3915285077598473,-0.6017969220359988,-0.16973315370725647
clintontrump_102,1,Clinton-Trump,18,Female,consistent first,TRUE,TRUE,-0.2498977771952212,-0.012470411517322809,0.25988391941577665,-0.5583443872986952,-0.7808731531944155
clintontrump_107,1,Clinton-Trump,20,Female,consistent first,TRUE,TRUE,0.16195616323655035,0.18904923753365255,0.5048292708399168,0.3386246234482561,-0.2798485952369443
clintontrump_108,1,Clinton-Trump,19,Female,consistent first,TRUE,TRUE,0.056288338316235205,0.5439025255260679,0.22897146065084736,-0.7287132446142387,-0.14945251333832585
clintontrump_113,1,Clinton-Trump,18,Female,consistent first,TRUE,TRUE,0.07817387832072278,-0.06243315471273853,0.47542284576676697,0.12483253130423576,-0.08276476549942201
clintontrump_114,1,Clinton-Trump,19,Female,inconsistent first,TRUE,TRUE,0.008447633366546114,0.5854283656700457,-0.3641231858425116,-0.5878838871002986,0.08244452477093184
clintontrump_119,1,Clinton-Trump,18,Female,consistent first,TRUE,TRUE,0.21495060932908297,0.8575397057753008,0.2826024195322334,-0.3361284971724689,-0.11857683064328438
clintontrump_120,1,Clinton-Trump,18,Female,consistent first,TRUE,FALSE,0.20905322406285395,0.5360775905479007,0.27409031818572305,-0.004473192980364793,0.11135737412965202
clintontrump_125,1,Clinton-Trump,18,Female,consistent first,TRUE,TRUE,-0.129065892281367,0.3729626162420797,-0.05532315216611239,-0.43040248359108935,-0.2368664479587585
clintontrump_126,1,Clinton-Trump,19,Female,inconsistent first,TRUE,TRUE,-0.20145243377428693,-0.16520865366225787,0.4297541377196284,-0.4578263066391471,-0.361734391448742
clintontrump_131,1,Clinton-Trump,20,Female,consistent first,FALSE,FALSE,0.009416941678215171,0.1560256264210615,0.589774956527285,-0.919745421681718,0.04457393404668703
clintontrump_132,1,Clinton-Trump,19,Female,inconsistent first,TRUE,TRUE,0.2607976897150665,0.49473954851563695,-0.2558806380728406,0.4422462733946067,0.34384634436223777
clintontrump_137,1,Clinton-Trump,18,Female,consistent first,TRUE,TRUE,-0.07244515633942028,0.2638808909290669,-0.17447201595611436,-0.27059270928897095,-0.32221548812984785
clintontrump_138,1,Clinton-Trump,20,Female,consistent first,TRUE,FALSE,0.30158957506865275,0.9438001423989368,0.3842192603259114,-0.2279925943338446,0.5139397155771172
clintontrump_143,1,Clinton-Trump,23,Male,inconsistent first,TRUE,TRUE,0.022092151014186944,0.5557703587579159,0.2568246473658584,-0.6616342306306159,0.0159222722114032
clintontrump_144,1,Clinton-Trump,18,Female,consistent first,TRUE,FALSE,0.5741316525199321,0.7685390667186272,0.5994138835940455,0.4123571540332735,0.6590170260130835
clintontrump_149,1,Clinton-Trump,18,Female,consistent first,TRUE,TRUE,0.1893164336125187,0.6255591370204616,-0.04962470768018167,-0.08994744043669665,0.40524095108934377
clintontrump_150,1,Clinton-Trump,18,Female,consistent first,TRUE,TRUE,0.3112060747363129,0.3763187083159574,0.3491458633622743,-0.04368651540107569,0.5516514850598186
clintontrump_156,1,Clinton-Trump,19,Female,consistent first,TRUE,FALSE,0.4824787153379861,0.6361427736565699,0.5594947136898573,0.093401243511473,0.685166691023383
clintontrump_161,1,Clinton-Trump,18,Male,inconsistent first,TRUE,FALSE,-0.2299590346557176,-0.030101041507937146,-0.05719075125324542,-0.9449729863751658,-0.15591704742692997
clintontrump_162,1,Clinton-Trump,18,Female,consistent first,TRUE,TRUE,-0.12259753619154286,0.06314290193894764,-0.2275731297949028,-0.5062750956836867,-0.10302108790882032
clintontrump_167,1,Clinton-Trump,19,Male,consistent first,TRUE,TRUE,0.3057596575028352,0.8679866465558803,0.19354480853584496,0.10852499115940777,-0.2157188365431224
clintontrump_168,1,Clinton-Trump,24,Male,inconsistent first,TRUE,FALSE,0.31663035849247606,0.5574905832439047,0.07103580279430764,0.09060802739193036,0.4055112576463564
clintontrump_173,1,Clinton-Trump,19,Female,inconsistent first,TRUE,TRUE,0.2493978445874669,0.7118667932829131,0.2485939042807704,-0.06649850888357739,0.09832059900534695
clintontrump_174,1,Clinton-Trump,18,Female,inconsistent first,TRUE,TRUE,0.07945993392876588,0.5424157194001186,0.18954142130679655,-0.6583437897098459,0.3950274211907357
clintontrump_179,1,Clinton-Trump,18,Female,consistent first,TRUE,TRUE,-0.1424394344850135,0.04818647625616786,-0.017684593840500168,-0.4945715558241308,0.00479924310486674
clintontrump_180,1,Clinton-Trump,18,Female,consistent first,FALSE,FALSE,0.14913559506571186,0.5656977665677076,0.26998087470015986,-0.009803968857261713,-0.3212749456993498
clintontrump_186,1,Clinton-Trump,18,Female,consistent first,TRUE,TRUE,0.1981547789907281,0.5797696888202633,-0.09171844305356495,-0.1414756267096111,0.3581993212863018
clintontrump_191,1,Clinton-Trump,20,Male,inconsistent first,TRUE,TRUE,-0.6915599430634054,-0.3321070256883852,-0.7260249530155253,-0.7541554115750815,-0.8887847083969261
clintontrump_192,1,Clinton-Trump,19,Male,consistent first,TRUE,TRUE,0.2740821281476896,0.3662732165700343,0.06324171419999845,0.11123634014127907,0.4633067405294908
clintontrump_197,1,Clinton-Trump,18,Male,consistent first,TRUE,TRUE,0.3766495721761296,0.9649085049199554,0.9672159605994264,0.08779219363698935,-0.588947458292701
clintontrump_198,1,Clinton-Trump,18,Female,inconsistent first,TRUE,TRUE,-0.4190362149655746,-0.17175221697131687,-0.04318380697085976,-1.0386000518030456,-0.4469107664957246
clintontrump_221,1,Clinton-Trump,18,Female,consistent first,TRUE,TRUE,0.14214860940702598,0.6992539954494259,0.3831262107483699,0.0948652082236644,-0.2793103350820717
clintontrump_222,1,Clinton-Trump,18,Female,consistent first,TRUE,TRUE,-0.149508859049285,0.2842729052740134,-0.11882942054618856,-0.1949378772568529,-0.4091779098345204
clintontrump_263,1,Clinton-Trump,22,Male,inconsistent first,FALSE,FALSE,-0.22468232060293236,0.1974354575321471,-0.03251695266531621,-0.4154279388221377,-0.5559540407179968
clintontrump_264,1,Clinton-Trump,30,Male,consistent first,FALSE,FALSE,-0.23293797354910792,-0.045073314269292085,-0.0017105734984372422,-0.6188078162207031,-0.3486816609435038
clintontrump_269,1,Clinton-Trump,18,Female,consistent first,TRUE,FALSE,-0.03054887254791111,0.3728757449372337,0.6539600417541703,-0.740641756814951,-0.2568859612336037
clintontrump_270,1,Clinton-Trump,21,Female,consistent first,TRUE,TRUE,-0.683199890618305,-0.3413498104692474,-0.7594332142616772,-1.118133164531986,-0.7753095296345639
clintontrump_275,1,Clinton-Trump,19,Female,consistent first,TRUE,TRUE,0.19285029760718272,0.5600012056305433,-0.2416099663955369,-0.08059385596631932,0.325804823801057
clintontrump_276,1,Clinton-Trump,21,Male,consistent first,TRUE,TRUE,0.007339285697234424,-0.06428062795868968,0.26571068999335107,-0.1794291039056437,-0.0508051562503517
clintontrump_281,1,Clinton-Trump,18,Female,consistent first,TRUE,TRUE,-0.027271372873689623,-0.01804623248564166,0.3024177870665656,-0.36740668371349233,0.0707113360476624
clintontrump_282,1,Clinton-Trump,24,Male,consistent first,TRUE,FALSE,0.2904502437837974,0.6696500861020683,0.43654821611694,-0.09182304834143888,0.2891934409366006
clintontrump_287,1,Clinton-Trump,27,Male,inconsistent first,FALSE,FALSE,-0.211097589392106,-0.4839545204721837,-0.3584233036793887,0.17152003682388753,-0.3684016734392354
clintontrump_288,1,Clinton-Trump,22,Male,consistent first,TRUE,FALSE,0.03221575006171833,0.6847975548854986,0.3441214471047217,-0.6017056732178486,-0.3197633111576149
clintontrump_293,1,Clinton-Trump,21,Male,consistent first,TRUE,TRUE,-0.2325239703975392,-0.03465509432563987,0.3558638379308276,-0.7061192676248581,-0.11178623681568374
clintontrump_294,1,Clinton-Trump,19,Female,consistent first,TRUE,TRUE,0.03392317118281417,1.091836593029068,0.40305423569817417,-0.4423204647782335,-0.2717636859092017
clintontrump_299,1,Clinton-Trump,21,Male,inconsistent first,TRUE,FALSE,0.11498625674639874,0.9445917885732896,-0.39045598442026935,-0.06202443658114597,0.212953123959762
clintontrump_300,1,Clinton-Trump,20,Male,consistent first,TRUE,TRUE,-0.05463805733974304,0.40563312602102847,-0.11785633780306966,-0.666487345307746,0.1992906845565166
clintontrump_305,1,Clinton-Trump,20,Male,inconsistent first,TRUE,TRUE,0.12140560242640942,0.5024068965607346,0.5227347352546338,-0.22589653988320327,-0.2814178197991347
clintontrump_306,1,Clinton-Trump,19,Male,inconsistent first,TRUE,TRUE,-0.25254999488146773,0.1239759890466066,-0.416424800260347,-0.3840112418507496,-0.3691548222327491
clintontrump_701,1,Clinton-Trump,19,Female,consistent first,TRUE,FALSE,0.16302778901019113,0.14915917964521885,0.08807357173175806,-0.08581889252174167,0.35763437797409364
clintontrump_702,1,Clinton-Trump,21,Male,consistent first,TRUE,TRUE,0.191692257754814,0.6018950634965552,0.2770008048654401,-0.3745439219067591,0.5256659268969243
clintontrump_707,1,Clinton-Trump,19,Female,consistent first,TRUE,TRUE,0.7310578290666818,0.7577916309803462,0.8493871536429991,0.7290384915152807,0.5805100681937253
clintontrump_708,1,Clinton-Trump,18,Male,consistent first,TRUE,TRUE,0.06804080396266965,0.0802307779964528,0.3949462193027145,-0.5204029561378537,0.12602483990966565
clintontrump_713,1,Clinton-Trump,18,Female,consistent first,TRUE,TRUE,0.2030664401199645,0.31653758599509707,0.8935785207850818,-0.72083293656841,-0.06590633122483706
clintontrump_714,1,Clinton-Trump,18,Male,consistent first,TRUE,TRUE,0.2019001972466385,0.2636654959519723,0.0478862710436285,0.22977609778428823,0.2763954511288866
clintontrump_719,1,Clinton-Trump,18,Male,inconsistent first,TRUE,TRUE,-0.015130155538529812,0.03924261699421221,0.14863401604667334,-0.25578256369793373,-0.2072838162211172
clintontrump_720,1,Clinton-Trump,21,Female,inconsistent first,TRUE,TRUE,-0.08783673170866735,0.04893857630020113,0.001833221014143942,-0.5378055054064165,-0.16161517469847983
clintontrump_725,1,Clinton-Trump,19,Female,consistent first,TRUE,TRUE,0.10434107663279536,1.1309528362831602,0.4483046864085351,-0.622094532122941,-0.4594133579937135
clintontrump_726,1,Clinton-Trump,18,Female,consistent first,TRUE,TRUE,0.14407206418372143,0.06308826478597679,0.1442495219546595,0.5864698375179148,-0.31472494657999234
clintontrump_731,1,Clinton-Trump,18,Male,consistent first,TRUE,TRUE,0.03926433048052157,0.3263437485896251,0.0962509975359962,-0.23376634725640924,0.08983283220584128
clintontrump_732,1,Clinton-Trump,18,Female,consistent first,TRUE,TRUE,0.17446049510313802,0.666683001170958,0.9518813194045038,-0.06827431918594264,-0.6003313420220141
clintontrump_737,1,Clinton-Trump,19,Female,inconsistent first,TRUE,TRUE,0.06701013951632287,0.10463300636737946,0.19008064788833623,-0.02225312930260854,0.048974438685391
clintontrump_743,1,Clinton-Trump,19,Female,consistent first,TRUE,TRUE,-0.06380797273813318,0.4200429007522653,0.38405426694956646,-0.4223957322870602,-0.45346155594078486
clintontrump_744,1,Clinton-Trump,19,Female,consistent first,TRUE,TRUE,0.05911927696681056,0.2202180836080472,0.2094806918743273,-0.23890162679176707,-0.01917219115431941
clintontrump_749,1,Clinton-Trump,19,Female,inconsistent first,TRUE,TRUE,0.16375905121556664,0.4052869150407887,0.017517398989427127,-0.41646681957555526,0.46086664946595657
clintontrump_750,1,Clinton-Trump,20,Female,inconsistent first,TRUE,TRUE,0.008302486507902366,0.0476830629499329,-0.08153655198611126,-0.2502979996978668,0.2180868026343343
clintontrump_755,1,Clinton-Trump,18,Male,consistent first,TRUE,TRUE,0.07360484754073163,0.4369123726326951,0.02080741266964265,-0.4327295005825148,0.07038980287292496
clintontrump_756,1,Clinton-Trump,20,Male,consistent first,TRUE,TRUE,-0.032318926550232885,0.5257256535121618,-0.154053700493841,0.07067739154562727,-0.6862438590835993
clintontrump_761,1,Clinton-Trump,19,Female,inconsistent first,TRUE,TRUE,-0.2247062941459336,0.6045557117208116,-0.6214019103138152,-0.17196591461935926,-0.6498928752599549
clintontrump_762,1,Clinton-Trump,18,Female,consistent first,TRUE,FALSE,-0.009574253728783044,0.4918893160963973,-0.8807138625337945,0.02123617713425705,0.18398668306465865
clintontrump_785,1,Clinton-Trump,18,Female,consistent first,TRUE,TRUE,-0.24554570602437412,0.24815242084427144,-0.346476665563143,-0.8817635504125853,-0.06256334571620316
clintontrump_786,1,Clinton-Trump,18,Female,consistent first,TRUE,TRUE,0.09157719540785252,0.09799709293540812,-0.1569774610572541,-1.2824359973789083e-4,0.7255033319781476
clintontrump_791,1,Clinton-Trump,18,Male,consistent first,TRUE,TRUE,-0.04029374894145833,0.1412896298606023,0.05015537263487826,-0.31868131070391625,-0.015480709054486268
clintontrump_792,1,Clinton-Trump,19,Female,consistent first,TRUE,TRUE,-0.14414696721976789,0.16178301421932384,0.5644229344542252,-0.6067722073942673,-0.4992029949995335
clintontrump_797,1,Clinton-Trump,18,Female,consistent first,TRUE,TRUE,0.11376410691654104,0.297788947208056,-0.4525689236185492,0.15758640811087682,0.12604558846298897
clintontrump_798,1,Clinton-Trump,18,Male,inconsistent first,TRUE,TRUE,0.13060078694752317,-0.0775836273286153,0.3993053338737304,-0.2497921125269097,0.1070618826352334
clintontrump_803,1,Clinton-Trump,18,Male,inconsistent first,TRUE,FALSE,-0.4900862376706027,-0.255730055098343,-0.3269987325390292,-0.9102376298452792,-0.8595786430430232
clintontrump_804,1,Clinton-Trump,19,Female,inconsistent first,TRUE,TRUE,0.2738307014462714,0.37154927851100034,0.280153521232778,0.2566585021757734,0.2767101862999067
clintontrump_810,1,Clinton-Trump,19,Female,consistent first,TRUE,TRUE,0.10054197925277604,0.8964778715053702,-0.1194575683961082,-0.09601080046166732,0.2858083840520135
clintontrump_815,1,Clinton-Trump,18,Female,consistent first,TRUE,FALSE,0.5301680036398626,0.7501887593554956,0.2366927121508858,0.6844903016776309,0.3658637724667564
clintontrump_816,1,Clinton-Trump,18,Male,consistent first,TRUE,FALSE,-0.36288831359261137,0.33927015867344934,-0.02026452929148719,-0.8265141019516223,-0.767190541677946
clintontrump_821,1,Clinton-Trump,18,Male,consistent first,FALSE,FALSE,-0.2163609208552864,0.21581988471215724,-0.4917628055874963,-0.056838412767183634,-0.2307736390403732
clintontrump_822,1,Clinton-Trump,18,Male,consistent first,TRUE,TRUE,0.006564143345117224,0.6220025952893966,-0.2866676366654771,-0.0948402437967762,-0.1826132595045255
clintontrump_827,1,Clinton-Trump,18,Female,consistent first,TRUE,TRUE,0.09762847907732077,-0.12335826046503252,0.3655192202871243,0.15550096049379544,-0.2390676030346091
clintontrump_828,1,Clinton-Trump,18,Female,inconsistent first,TRUE,FALSE,0.02045495565676298,1.066458350461621,-0.22539878358449644,0.22560252138707365,-0.5022461095491091
clintontrump_839,1,Clinton-Trump,19,Female,inconsistent first,TRUE,TRUE,0.16564891191630202,0.7272287715304255,0.573959675954188,-0.5781501736477291,-0.4215764505571508
clintontrump_840,1,Clinton-Trump,19,Male,consistent first,TRUE,TRUE,0.2805990547279988,0.6214847729505987,0.3201763792691326,0.25906137785975053,-0.20921486295905928
clintontrump_845,1,Clinton-Trump,19,Female,consistent first,TRUE,TRUE,0.1782940748145542,0.2532902305515816,0.388467501505706,-0.1016163904948423,0.2076546028904853
clintontrump_846,1,Clinton-Trump,18,Female,consistent first,TRUE,FALSE,-0.2709623679168676,0.48341722590097885,-0.29560752637793963,-0.5951204538461031,-0.4338526830082752
clintontrump_851,1,Clinton-Trump,19,Female,consistent first,TRUE,TRUE,-0.17786912447765257,0.3266783534340496,-0.24562724947024203,-0.398418193723266,-0.3510248891789086
clintontrump_852,1,Clinton-Trump,19,Male,consistent first,FALSE,FALSE,0.9171760616984184,1.1377167892436282,1.1451725130616728,0.5713912261968489,0.7624443457163385
clintontrump_857,1,Clinton-Trump,18,Female,consistent first,TRUE,TRUE,0.5677343282655167,0.9216258549826604,0.5205053972103809,-0.1377066300804008,0.8236049645746325
clintontrump_858,1,Clinton-Trump,20,Female,consistent first,TRUE,TRUE,-0.09569821954303535,0.5311864653291586,-0.1238798246939031,-0.5287409027273132,-0.38816945280077
clintontrump_863,1,Clinton-Trump,18,Male,consistent first,TRUE,FALSE,0.04004108087981324,0.3999510605879482,0.010782041508391503,-0.515222104829661,0.2523293660768852
clintontrump_864,1,Clinton-Trump,20,Female,consistent first,TRUE,TRUE,-0.10085546832684364,0.29478029428241986,0.34271866998827827,-0.8136327304255385,-0.0786702983266126
clintontrump_869,1,Clinton-Trump,18,Female,inconsistent first,TRUE,TRUE,-0.2118371228035256,0.0655009047914338,0.008122701564383352,-0.7069753253870555,-0.15998237150735978
clintontrump_870,1,Clinton-Trump,18,Female,consistent first,TRUE,TRUE,0.2585397134271408,0.5832054588734632,0.2465620527964804,0.07718443149091435,0.0917842007619272
clintontrump_893,1,Clinton-Trump,21,Male,consistent first,TRUE,FALSE,-0.13711375812978954,0.25757549504594085,-0.21211124685981475,-0.5990678407057641,0.22455087103884283
clintontrump_894,1,Clinton-Trump,18,Female,consistent first,TRUE,TRUE,0.3026609687075939,0.8505600628283868,0.35832522119244653,-0.31062376836311817,0.10550539002786048
ian death emma_11a,1,Death (1),NA,NA,consistent first,TRUE,TRUE,-0.311437332607315,-0.1943937314763405,-0.16430480601113429,-0.9456031828764409,-0.10380234302281964
ian death emma_11b,1,Death (1),NA,NA,consistent first,TRUE,TRUE,-0.12804879813304976,0.7389931270072129,0.002274105615555048,-0.7379963036875087,-0.4774990560367346
ian death emma_21a,1,Death (1),NA,NA,consistent first,TRUE,TRUE,-0.01559903268177211,0.2499757677142024,-0.2861322297221727,0.3232895973406784,-0.1818185620207679
ian death emma_41a,1,Death (1),NA,NA,consistent first,TRUE,TRUE,0.22941374942990808,0.6212904544685149,0.7407624201797581,-0.4786702852478504,0.12371311231645432
ian death emma_41b,1,Death (1),NA,NA,consistent first,TRUE,TRUE,0.2147782469011809,0.8031051860786257,0.3931997245418394,-0.5504012161777769,0.3234908743905744
ian death emma_45a,1,Death (1),NA,NA,consistent first,TRUE,TRUE,-0.2184210081346664,0.483062422094443,0.7170307467041045,-0.9449597409070544,-0.6181604976307274
ian death emma_45b,1,Death (1),NA,NA,consistent first,TRUE,TRUE,-0.30805900982059714,0.23568951580495592,0.035622368072841845,-0.8768440956367771,-0.7163175633562876
ian death emma_49a,1,Death (1),NA,NA,consistent first,TRUE,TRUE,-0.3142916965008895,0.05259375480720071,-0.1986845669446876,-0.7421911994037956,-0.05230020197996257
ian death emma_49b,1,Death (1),NA,NA,consistent first,TRUE,TRUE,-0.18589216452183352,0.5195191236249851,-0.21480426316664397,-0.7363399530312563,-0.25984539063145173
ian death june_23a,1,Death (2),NA,NA,consistent first,TRUE,TRUE,-0.19133982076423703,-0.1897072998346103,-0.4070193665195416,-0.529256510841455,0.1567340902274611
ian death june_23b,1,Death (2),NA,NA,consistent first,TRUE,TRUE,-0.1079133850549687,-0.16592775042636615,0.25069265173358823,-0.29462557435190173,-0.16518757294736747
ian death june_35a,1,Death (2),NA,NA,consistent first,TRUE,TRUE,-0.31157977611824744,0.4026357597128001,-0.6088252033476411,-0.7843523130620322,0.1106576187192259
ian death june_35b,1,Death (2),NA,NA,consistent first,TRUE,TRUE,0.4905534969119267,1.0408884993059613,0.13332791900962837,0.14790896629603212,0.6643809518034974
ian death june_3a,1,Death (2),NA,NA,consistent first,TRUE,TRUE,-0.04017647526229035,-0.3959918833526834,0.3369602570564944,0.37110336620726114,0.16269980256523778
ian death june_3b,1,Death (2),NA,NA,consistent first,TRUE,TRUE,0.1795911067685473,0.3097028323522702,0.5226422864022449,-0.5835132004716284,0.37403374730256034
ian death june_47b,1,Death (2),NA,NA,consistent first,TRUE,FALSE,-0.2466138839639576,0.06270295880813884,-0.5857829556902214,-0.3973098325360021,0.1581255208509879
ian death june_51a,1,Death (2),NA,NA,consistent first,TRUE,TRUE,-0.3628064438918829,-0.2444472276808116,-0.33313528916890617,-0.46461763313336357,-1.093252932885673
ian death june_51b,1,Death (2),NA,NA,consistent first,TRUE,TRUE,0.04376967406505448,0.0955354671733961,0.21203832024083244,-0.601476579554098,0.10132895110429954
ian death june_55a,1,Death (2),NA,NA,consistent first,TRUE,TRUE,-0.026982915804668665,-0.03173509778802296,0.13907279173776227,0.0015826830720463898,-0.5307244038043363
ian death june_55b,1,Death (2),NA,NA,consistent first,TRUE,TRUE,0.09581773941535504,0.5712900486879339,0.28306362876628394,-0.1752427602880205,-0.8312516300335152
ian death june_57a,1,Death (2),NA,NA,consistent first,TRUE,TRUE,-0.0923179229317407,0.0900060741954302,-0.7110904320758611,-0.03871731968793728,0.239411251970628
ian death june_57b,1,Death (2),NA,NA,consistent first,TRUE,TRUE,0.15606246364141504,0.5218978326176527,0.1677835641984194,-0.7570232536022518,0.2625019040346274
ian death june_65a,1,Death (2),NA,NA,consistent first,TRUE,TRUE,-0.16617030392956028,0.6324626746857299,-0.3772912281452028,-0.9978054198018308,0.264659208996092
ian death june_65b,1,Death (2),NA,NA,consistent first,TRUE,TRUE,-0.08387886614871518,0.015117126823599392,-0.14923084394420855,-0.4684399790279765,0.32076131871516794
ian death tarah_12,1,Death (3),28,Female,inconsistent first,TRUE,TRUE,0.02061883980797387,-0.19891602609803297,-0.3110101643024626,0.21187175583433032,0.45694510055331966
ian death tarah_13,1,Death (3),24,Male,consistent first,TRUE,TRUE,0.05262177994842381,0.7240630551418957,0.007347771746558564,-0.4568007521900066,-0.001328293002823396
ian death tarah_14,1,Death (3),43,Male,consistent first,TRUE,FALSE,0.47065457698057306,0.601897948163214,0.6443951087395927,0.329589749173808,0.5424918913681628
ian death tarah_15,1,Death (3),18,Female,inconsistent first,TRUE,TRUE,0.048858494645082,0.8869749248293867,0.5353545167656343,-0.5263441825650962,-0.2417076634795232
ian death tarah_16,1,Death (3),19,Male,inconsistent first,TRUE,TRUE,-0.03436501123547155,0.5624527639658706,0.3531388849862644,-0.9645958390864864,-0.4341930947978089
ian death tarah_17,1,Death (3),18,Female,inconsistent first,TRUE,TRUE,0.4070545275606445,0.7203571669544758,0.758233950912913,-0.3127386956345176,0.09206719305558726
ian death tarah_18,1,Death (3),31,Male,consistent first,TRUE,TRUE,-0.23684456154697295,0.638446678687439,0.3817208966983178,-0.5729482873298606,-0.9019121628706864
ian death tarah_19,1,Death (3),43,Female,consistent first,TRUE,TRUE,0.061545925299024806,1.0470444709778748,0.1949419279678425,-0.7274005141193556,0.006568746207596702
ian death tarah_20,1,Death (3),27,Male,inconsistent first,TRUE,TRUE,0.07423287574881188,0.10214201284033686,0.3960013016779152,-0.362699119254621,-0.13140483762708316
ian death tarah_22,1,Death (3),20,Female,consistent first,TRUE,TRUE,0.114665712072799,0.3343981907910176,-0.3045853594925453,0.02744108558771032,0.6208474433619672
ian death tarah_23,1,Death (3),19,Female,consistent first,TRUE,TRUE,-0.06500455818723017,0.03306702980314858,-0.1948074782975572,0.009437722968708508,-0.14685697227675937
ian death tarah_24,1,Death (3),25,Male,consistent first,TRUE,TRUE,0.05618892930551176,0.504518918370025,-0.4187703204341121,0.13156461968047373,0.014709184901527112
ian death tarah_26,1,Death (3),21,Female,consistent first,TRUE,TRUE,0.5800596124500318,0.8321616189756667,0.7140557390198349,0.36051696169989655,0.3991084167377195
ian death tarah_29,1,Death (3),39,Male,consistent first,TRUE,TRUE,-0.007702322952396208,0.8257655368442213,0.42207824693122176,-0.07882682429909027,-1.2117563197325372
ian death tarah_33,1,Death (3),51,Male,consistent first,TRUE,TRUE,-0.0010437084940338234,0.9206562662816016,0.03514530013471141,-0.6575993732817849,-0.13862378775031026
ian death tarah_34,1,Death (3),20,Female,consistent first,TRUE,TRUE,-0.04447745512716631,0.6661990673928186,-0.38742170184004737,-0.1786407429630794,-0.3247970490698373
ian death tarah_37,1,Death (3),31,Female,consistent first,TRUE,TRUE,-0.022470247120727403,0.2709877145841102,-0.02490999543680126,-0.5966144978751624,0.3023470817308088
ian death tarah_38,1,Death (3),21,Female,consistent first,TRUE,TRUE,-0.016235946648474654,0.21492963039169624,-0.04409379831607631,0.0224418970596271,-0.3157875210538482
ian death tarah_42,1,Death (3),19,Female,consistent first,TRUE,TRUE,0.3945580273716691,0.5478037106737873,0.598725039174205,0.25690242894127946,0.2864580734171389
ian death tarah_44,1,Death (3),21,Female,consistent first,TRUE,TRUE,0.17872006820852265,0.004660572162305869,0.01680771221010232,0.3181396598951076,0.34872740773849376
ian death tarah_5,1,Death (3),21,Male,consistent first,TRUE,TRUE,-0.06790808701944218,0.5432049304892562,-0.908463616100208,0.022854145567571732,-0.15550841526607184
ian death tarah_7,1,Death (3),34,Female,inconsistent first,TRUE,TRUE,0.13516810585286404,0.4485979172710097,1.0653290965518072,-0.5007174547376694,-0.6632560910174188
ian death tarah_8,1,Death (3),NA,NA,inconsistent first,TRUE,TRUE,-0.1122777731918898,0.5686344032857908,-0.05953831635838742,-0.43683383807378506,-0.4566130357144682
ian death tarah_9,1,Death (3),20,Female,inconsistent first,TRUE,TRUE,0.13136230104953425,0.6991594759376178,-0.4892224773093626,0.3453478699859863,0.054640049140634216
ian race_10,1,Race,NA,NA,inconsistent first,TRUE,FALSE,-0.004853757988747886,-0.0996818813058063,0.015019430703567567,0.478920128080381,-0.4098303168758795
ian race_23,1,Race,NA,NA,consistent first,TRUE,TRUE,0.3945180951950484,0.3878407133138532,0.8589518513677623,0.05951988621155651,0.24309345842306343
ian race_29,1,Race,NA,NA,consistent first,TRUE,TRUE,0.2628547850404134,0.3968872872465269,0.26324164230712593,0,0.3483359695027835
ian race_30,1,Race,NA,NA,consistent first,TRUE,TRUE,-0.04861316457389446,-0.384662248554841,0.2943243697975414,0.24056135706429568,-0.2892482562720178
ian race_33,1,Race,NA,NA,consistent first,TRUE,TRUE,-0.18828984960481765,0.0562482361297524,-0.5789795489994479,0.16313001626928822,-0.3611122213220389
ian race_34,1,Race,NA,NA,consistent first,TRUE,TRUE,-0.04688468250576102,-0.3688072959951329,-0.4049009449826764,0.4993980125178124,0.17291909348877146
ian race_37,1,Race,NA,NA,consistent first,TRUE,TRUE,0.16825755399857065,-0.1461268319448003,0.3875097127135442,-0.105871856018996,0.48173389108886017
ian race_38,1,Race,NA,NA,consistent first,TRUE,TRUE,0.25048635684995374,0.2533296381015766,0.4938334816664866,0.07654236217793386,0.2695590523374093
ian race_4,1,Race,NA,NA,inconsistent first,TRUE,TRUE,0.01837216240123673,0.035215537327725165,0.06786924080672313,-0.14378495893520382,0.07000104002254119
ian race_40,1,Race,NA,NA,inconsistent first,TRUE,FALSE,0.4736014580770857,1.1555542720300511,0.10219174926144337,0.25168545251287544,0.1836828279715128
ian race_43,1,Race,NA,NA,consistent first,TRUE,FALSE,0.1137949750889276,0.10125237326733774,0.13580574297609468,0.2523904459521537,-0.07542121500787634
ian race_44,1,Race,NA,NA,inconsistent first,TRUE,TRUE,-0.2677322293394174,-0.3449442566845017,0.08511211024516069,-0.6606956755228942,-0.30625660546637823
ian race_47,1,Race,NA,NA,consistent first,TRUE,TRUE,-0.13109042529175244,-0.03145750855866415,0.48529330328131737,-0.3585042010960206,-0.5752188399081585
ian race_5,1,Race,NA,NA,consistent first,TRUE,TRUE,0.2825523816733626,0.5238548512977136,-0.0825216339369027,0.5685270525468559,0.10408162421195788
ian race_6,1,Race,NA,NA,consistent first,TRUE,TRUE,-0.10198374621453175,0.39062206694287394,0.5938955030338708,-0.6442996324187111,-0.5260605461530306
Non-words 10,1,Non-words,20,Female,inconsistent first,TRUE,TRUE,-0.006097079988501477,0.7223525857457879,-0.2361123035522174,-0.13167322332318038,-0.3091229899392783
Non-words 11,1,Non-words,21,Female,consistent first,TRUE,TRUE,0.21898921349849185,0.5482356608549758,0.3764219785173616,-0.009002893872776528,0.32846163266971173
Non-words 12,1,Non-words,20,Female,inconsistent first,TRUE,TRUE,-0.004584507816614766,-0.15732039898048206,-0.04393490379689173,-0.15030829805639312,0.3957671215731166
Non-words 13,1,Non-words,21,Female,consistent first,TRUE,TRUE,0.1127121254905452,0.4060546152427715,-0.251731586345116,0.44146307365943294,0.013162011230402944
Non-words 14,1,Non-words,20,Female,inconsistent first,TRUE,TRUE,-0.08295831078459462,0.13413464715291426,0.12021540691768036,-0.8546546910518541,-0.027979769820863396
Non-words 15,1,Non-words,49,Female,consistent first,TRUE,TRUE,-0.11482478173635054,0.9664199329403088,-0.739174633699549,0.02222040263854407,-0.13856120985970896
Non-words 16,1,Non-words,22,Female,inconsistent first,TRUE,TRUE,0.37161874726271465,0.9518526375822168,0.0405560719583209,0.048962606918071104,0.5578925666802591
Non-words 17,1,Non-words,21,Female,consistent first,TRUE,TRUE,0.2366547137106739,0.7183580534247761,-0.4917648888955207,0.20847801321308457,0.4537631233778706
Non-words 18,1,Non-words,41,Female,inconsistent first,TRUE,TRUE,-0.2566705733425292,0.21734502476062825,-0.7062058834082678,-0.3889215589072253,-0.1174780302214634
Non-words 19,1,Non-words,22,Male,consistent first,TRUE,TRUE,0.4770320741201096,1.286590955164951,1.2142077704431191,-0.32012576423218947,-0.33087447722597724
Non-words 3,1,Non-words,NA,Female,consistent first,TRUE,TRUE,-0.04570647373904883,0.8003756586993376,-0.288526488542869,-0.49326662296615326,-0.23127008554121065
Non-words 4,1,Non-words,43,Female,inconsistent first,FALSE,FALSE,-0.17958865708879165,0.5377341226528556,-0.5292970188901637,-0.4274425844394745,0.04872909916093631
Non-words 44,1,Non-words,21,Female,inconsistent first,TRUE,TRUE,-0.17885736001594194,0.01057174607322716,0.18456948372692708,0.13278903146993976,-0.8282453220248156
Non-words 45,1,Non-words,20,Female,consistent first,TRUE,TRUE,-0.29342754025319934,0.07310485583276895,-0.35682525310008084,-0.6866495055227825,-0.46553372206063176
Non-words 46,1,Non-words,21,Female,inconsistent first,TRUE,TRUE,0.06415783723324162,0.06535733639907812,0.185956308335542,-0.21794642651952725,0.2540481774489693
Non-words 47,1,Non-words,20,Female,consistent first,TRUE,TRUE,-0.16497527488700944,-0.06891362522353382,0.6732079247293393,-0.6870085758600243,-0.3383157667825846
Non-words 48,1,Non-words,21,Female,inconsistent first,TRUE,TRUE,0.26106455551902086,0.9518853496493996,0.044974024916767386,-0.16361888742504258,0.337083871259978
Non-words 49,1,Non-words,19,Female,consistent first,TRUE,TRUE,-0.07643697802849175,0.1305188666274632,0.4137992680999787,-0.8090077783953659,-0.015369778680851655
Non-words 51,1,Non-words,23,Female,consistent first,TRUE,TRUE,0.20555936898580843,0.015412577392714856,0.2649509295063062,0.10176640496648467,0.49444171576235846
Non-words 52,1,Non-words,23,Female,inconsistent first,TRUE,TRUE,0.1712732807856368,0.9414910709843564,-0.09127848005128224,0.7631354376757556,-0.6268052114004068
Non-words 6,1,Non-words,21,Female,inconsistent first,TRUE,FALSE,-0.03591531618599426,0.1930301468913116,0.03432292012655077,-0.5157397902704475,0.030403213063336463
Non-words 7,1,Non-words,46,Female,consistent first,TRUE,TRUE,-0.2126505125695299,0.06894269743510303,-0.19265913233454796,-0.5722765676620593,-0.16994564793173492
Non-words 8,1,Non-words,20,Male,inconsistent first,TRUE,TRUE,-0.061184337635454944,0.2896410357363074,0.2267145442126018,-0.052813539544001024,-0.5254773969558936
Non-words 9,1,Non-words,21,Female,consistent first,TRUE,FALSE,0.5417327071323093,0.2730177309818857,0.8178248299820962,0.3299042535323516,0.6202730953126572
richpoor_105,1,Rich-Poor,19,Female,consistent first,TRUE,FALSE,0.07525788428596997,0.13237603490640598,0.24178269169996155,-0.3884951128433009,0.1060503163832039
richpoor_106,1,Rich-Poor,18,Female,consistent first,FALSE,FALSE,-0.06172169507061802,0.010778311391992566,0.652158155181769,-0.46364409985444216,-0.31538984417604826
richpoor_111,1,Rich-Poor,18,Male,inconsistent first,TRUE,TRUE,0.02491201516818076,0.21178207766885235,-0.23095254372971047,-0.09482931651802196,0.3250722856448532
richpoor_112,1,Rich-Poor,18,Male,consistent first,TRUE,TRUE,0.057052562173430965,0.6673535671048247,-0.18394091085145065,0.14173923835868651,-0.3352604249891101
richpoor_117,1,Rich-Poor,18,Female,consistent first,TRUE,TRUE,-0.08291894023251287,0.43930391887856834,-0.20986340730890557,-0.9600318774001452,0.05072620319699879
richpoor_118,1,Rich-Poor,21,Female,consistent first,TRUE,TRUE,0.014129967757940672,0.6346800982417555,0.1918441392092728,-0.6251146717735336,0.2203195029362414
richpoor_123,1,Rich-Poor,18,Male,consistent first,TRUE,TRUE,0.05186404918897,0.1912010372974802,0.3886016329047909,0.37624284883237263,-0.7181268663680876
richpoor_124,1,Rich-Poor,18,Female,consistent first,TRUE,FALSE,0.18889317177906328,0.2841091829731552,0.5040460003692798,-0.779063924025276,0.47463372174242974
richpoor_129,1,Rich-Poor,18,Female,consistent first,TRUE,TRUE,-0.16775196932938524,0.27095154204127053,-0.4990279949828114,-0.26103832685832323,0.08184175708214156
richpoor_130,1,Rich-Poor,20,Female,consistent first,TRUE,FALSE,0.1652157643804161,0.26832181812352407,0.5793603513154854,-0.3660034446541138,0.1857305207998683
richpoor_135,1,Rich-Poor,31,Male,inconsistent first,TRUE,TRUE,-0.006042183403881417,0.6561737834948147,0.03468590473547464,-0.3517021562263576,-0.4379081990364933
richpoor_136,1,Rich-Poor,18,Female,inconsistent first,TRUE,FALSE,-0.3252551441968788,-0.0794558716670612,-0.22933943049212635,-0.8868527983807726,-0.32969591666746945
richpoor_141,1,Rich-Poor,18,Female,inconsistent first,TRUE,FALSE,-0.163545091638095,0.4230497231636882,-0.8253206802932822,-0.09591660679358016,-0.1899958283282942
richpoor_142,1,Rich-Poor,19,Male,consistent first,TRUE,TRUE,0.15664497738802624,0.6508233591793962,-0.14722305760911325,0.1211778409628838,-0.011289287998529926
richpoor_147,1,Rich-Poor,19,Female,consistent first,TRUE,TRUE,0.2977155111694615,0.5344013621312289,0.4873561879013577,0.08098524615251598,0.2603511808800328
richpoor_148,1,Rich-Poor,18,Female,consistent first,TRUE,TRUE,0.1221586791171048,0.4172456204514895,-0.1805967317854396,-0.12780346380116983,0.6749716582901014
richpoor_153,1,Rich-Poor,18,Male,consistent first,TRUE,TRUE,0.04238756156193928,0.4744113647252908,0.322479460448722,-0.9484118569813168,-0.10164555064307187
richpoor_154,1,Rich-Poor,18,Male,consistent first,FALSE,FALSE,-0.025991988152602678,0.0628691112742466,0.11405852466388997,-0.3531197178917234,-0.02659549878590584
richpoor_159,1,Rich-Poor,18,Male,inconsistent first,TRUE,TRUE,-0.03932320897335882,0.4109954669726625,-0.38705533123953817,0.18986178584555147,-0.36380035277591927
richpoor_160,1,Rich-Poor,18,Female,consistent first,TRUE,TRUE,-0.06751381963735545,0.07855674067291694,0.28652570133887983,-0.10340645386319548,-0.5370397234882727
richpoor_165,1,Rich-Poor,18,Female,inconsistent first,FALSE,FALSE,0.3156532795071114,0.24963983922653685,0.4432187818676732,0.6453968158841737,-0.2718622892822788
richpoor_166,1,Rich-Poor,18,Male,consistent first,TRUE,FALSE,-0.021614016150941343,0.5717082571476119,-0.036408617093253215,-0.6302716656437459,0.06903280386689273
richpoor_177,1,Rich-Poor,18,Female,inconsistent first,TRUE,TRUE,0.13602977892013576,0.6439408958257823,0.10649291807990034,0.16899684723270422,-0.13612965339748
richpoor_178,1,Rich-Poor,18,Female,consistent first,TRUE,FALSE,0.2057006796961857,0.806367823893849,0.2619516352945719,-0.004056495042799173,-0.3648975530910442
richpoor_183,1,Rich-Poor,18,Female,inconsistent first,TRUE,FALSE,-0.13136822743067902,0.1239140326648959,-0.19236800570495907,-0.31915213011321364,-0.09623941842540344
richpoor_189,1,Rich-Poor,18,Female,consistent first,TRUE,FALSE,-0.07119542854354424,-0.2941528840287101,0.45782500209933,0.1654579065206962,-0.6497608848134964
richpoor_190,1,Rich-Poor,24,Female,inconsistent first,TRUE,TRUE,-0.12607061814215365,0.34874746368585474,-0.1141620798961516,-0.07643217271556,-0.4129417037083929
richpoor_195,1,Rich-Poor,18,Female,inconsistent first,TRUE,TRUE,-0.08040524836634354,0.0672616361418508,-0.3815335280987356,-0.2245395923579702,0.07710307916809943
richpoor_196,1,Rich-Poor,18,Male,consistent first,TRUE,TRUE,-0.577703831227535,-0.1014569948940888,-0.6710802490589578,-1.0070829578244551,-0.25260236095294136
richpoor_219,1,Rich-Poor,18,Female,consistent first,TRUE,TRUE,0.20384843666112543,0.31939236391283454,-0.11744460086499352,0.1209708667688975,0.5020639369632103
richpoor_220,1,Rich-Poor,18,Female,consistent first,TRUE,FALSE,-0.39995541135414514,-0.251653650470565,-0.35721857392561945,-0.5160821242499893,-0.4555372317460558
richpoor_225,1,Rich-Poor,19,Female,consistent first,TRUE,TRUE,0.04263410816776974,0.4868523304850101,0.4555910653611529,-0.32386052498158774,-0.30339543948216635
richpoor_267,1,Rich-Poor,18,Female,consistent first,TRUE,TRUE,-0.1134641977245034,-0.14669638000551774,0.006991245183530841,-0.69310023857523,0.04182801088643296
richpoor_268,1,Rich-Poor,18,Female,consistent first,TRUE,FALSE,0.20581018607412924,0.6105167739183391,0.2860049019371926,-0.32067706627544995,0.7168345444908721
richpoor_273,1,Rich-Poor,19,Female,consistent first,TRUE,TRUE,0.015536129062926087,-0.10491534760743908,0.3209628904958268,-0.4994350589758234,0.29272400076968413
richpoor_274,1,Rich-Poor,19,Female,inconsistent first,TRUE,TRUE,0.22566401089198912,0.6297177685368431,0.08418780607229695,0.5848128166266027,-0.4203146293778458
richpoor_279,1,Rich-Poor,18,Female,inconsistent first,TRUE,TRUE,0.2863574532053708,0.5136809884729295,0.6487400686663319,-0.5354966205962374,0.22926880459654253
richpoor_280,1,Rich-Poor,19,Female,consistent first,FALSE,FALSE,0.3582675114556439,0.6816774347686709,0.5358793904446495,-0.18265869121292,0.8498617409596992
richpoor_285,1,Rich-Poor,20,Male,inconsistent first,TRUE,TRUE,0.32872766893200484,0.6975827061527835,0.20275437851462788,-0.05596193631498202,0.510981334003365
richpoor_286,1,Rich-Poor,18,Male,inconsistent first,TRUE,TRUE,0.07228839206064142,0.1702976341125097,0.19317710118654316,-0.31775835289216153,0.290193031079039
richpoor_291,1,Rich-Poor,18,Male,consistent first,FALSE,FALSE,0.2236791766257722,-0.0653540888738219,0.2772078337088949,-0.06752596427073518,0.6316304990900827
richpoor_292,1,Rich-Poor,19,Male,inconsistent first,TRUE,TRUE,-0.01482192974207269,0.1412930684856406,-0.26355218954317594,-0.021957916513635062,0.027627848978944297
richpoor_297,1,Rich-Poor,18,Female,consistent first,TRUE,TRUE,-0.01664187103680691,0.09241788580019585,-0.2663092555194885,0.0999521325078572,0.2839989609444855
richpoor_298,1,Rich-Poor,20,Female,inconsistent first,TRUE,TRUE,0.07349890818322054,0.1975987356999908,0.9925755949127352,-0.6634051241811618,-0.20783369819253
richpoor_303,1,Rich-Poor,18,Female,consistent first,TRUE,TRUE,0.20157231153616317,0.132084101534062,0.2540507228731856,0.23733251405017627,0.19730493565224672
richpoor_304,1,Rich-Poor,18,Female,consistent first,TRUE,TRUE,0.1922409036492665,0.5793139236316337,-0.19890950529856868,0.20356467338426124,0.34000915352546907
richpoor_705,1,Rich-Poor,19,Female,inconsistent first,TRUE,TRUE,0.04046087441569349,0.423199739413556,-0.13206030800743068,0.13236881216506471,-0.0701123877128738
richpoor_706,1,Rich-Poor,19,Male,consistent first,TRUE,TRUE,-0.016435551478990902,0.3814021761990829,-0.15911297269652744,-0.20582371301610017,0.06710010445188007
richpoor_717,1,Rich-Poor,19,Male,consistent first,TRUE,TRUE,-0.38025397348821766,0.4028754297144982,-0.4075073739392193,-0.6460162481299666,-0.7644579222825483
richpoor_718,1,Rich-Poor,18,Female,inconsistent first,TRUE,TRUE,0.128111211801931,0.3572161051845104,0.38843924364638827,-0.2894870752851075,0.3168081166401359
richpoor_723,1,Rich-Poor,19,Male,inconsistent first,TRUE,TRUE,0.06275643306366271,0.7517299012290692,0.02634084634692175,-0.8099431814333217,0.19356717413905655
richpoor_724,1,Rich-Poor,18,Female,consistent first,TRUE,TRUE,0.17600114336557213,0.767731114764629,0.3181232819608848,-0.44484219309895656,-0.020785169428270946
richpoor_729,1,Rich-Poor,20,Female,consistent first,TRUE,FALSE,-0.11016499454838112,0.4878581214085964,-0.01394487507907747,-0.7648812669691485,0.03241626712894981
richpoor_730,1,Rich-Poor,18,Female,inconsistent first,TRUE,FALSE,0.29120442307652344,0.7203814837332903,0.5535525666373845,0.19637587821288055,-0.06809698109807971
richpoor_735,1,Rich-Poor,18,Female,inconsistent first,TRUE,TRUE,-0.1722499426625231,-0.36638865856467406,0.5336264714912825,-0.2306362565012209,-0.549328528715396
richpoor_736,1,Rich-Poor,18,Female,consistent first,TRUE,FALSE,0.0950822352304026,0.0789365165428772,0.5529675323629007,0.08482438428241136,-0.2312501875211462
richpoor_741,1,Rich-Poor,18,Male,inconsistent first,TRUE,FALSE,-0.2898431154744032,0.5112318858801806,-0.4940994307436959,-0.3830882848181722,-0.5320259210823726
richpoor_742,1,Rich-Poor,19,Male,consistent first,TRUE,TRUE,0.09933134297500132,0.8103124828887374,0.2856779059255482,-0.04461087747275354,-0.4065738785277049
richpoor_747,1,Rich-Poor,19,Male,consistent first,TRUE,FALSE,0.11216196216365092,0.21639168290961283,-0.014238681244896868,-0.24979726574257177,0.5012237768300601
richpoor_748,1,Rich-Poor,18,Male,inconsistent first,TRUE,FALSE,-0.1854209611759613,-0.4145615596966789,0.2451016323217878,0.15224241813542838,-0.6373184277800897
richpoor_753,1,Rich-Poor,18,Male,consistent first,TRUE,FALSE,-0.1988052550552267,0.34082089178548336,0.2878880840381474,-0.8173126965772661,-0.342729826141502
richpoor_754,1,Rich-Poor,19,Male,consistent first,TRUE,FALSE,0.04359016499792252,0.61820562366447,-0.048336480496287686,-0.38348126418554784,0.10498426791927704
richpoor_759,1,Rich-Poor,21,Male,consistent first,TRUE,FALSE,0.16377167936704154,0.07971608609266549,0.7214205998402822,0.2195252344485862,-0.3236211361690491
richpoor_760,1,Rich-Poor,18,Female,consistent first,FALSE,FALSE,0.4455909496198206,1.07151750239559,0.8663562976883904,-0.6005966413480558,0.04841903848472458
richpoor_765,1,Rich-Poor,19,Female,consistent first,TRUE,FALSE,0.4185215374745445,0.6953177452504995,0.2883931315509771,0.4378963115037671,0.0014854085119175796
richpoor_766,1,Rich-Poor,18,Male,consistent first,TRUE,FALSE,0.2497257874301277,0.12940671930057196,0.8342745413386113,-0.8704087660267649,0.5287306826230681
richpoor_783,1,Rich-Poor,18,Female,inconsistent first,TRUE,TRUE,0.13583935256519025,0.3622050166540942,0.5502130984004013,-0.6563514583494332,0.20612384438606937
richpoor_784,1,Rich-Poor,19,Male,inconsistent first,TRUE,TRUE,-0.09079019241008623,-0.009576286619845447,0.5195111846892413,-0.2110505022763348,-0.512205392091348
richpoor_789,1,Rich-Poor,18,Male,consistent first,TRUE,FALSE,0.28516080516505454,0.4655552760760813,0.17240818587734602,0.5070209242736519,-0.1613691364816154
richpoor_790,1,Rich-Poor,18,Female,consistent first,TRUE,TRUE,-0.038800890940467445,-0.3597954567888336,0.4235568904947289,-0.057725392596062165,-0.046775036522651296
richpoor_795,1,Rich-Poor,18,Female,consistent first,TRUE,FALSE,0.4088349006730341,0.9951656068581864,0.10479949853749554,-3.966074137896717e-4,0.3913360665211112
richpoor_796,1,Rich-Poor,18,Female,consistent first,TRUE,TRUE,0.16331475998280903,-0.07757281124711599,0.6793533436479351,0.1183110153313722,-0.10426229239398084
richpoor_801,1,Rich-Poor,21,Male,inconsistent first,TRUE,FALSE,0.010236617383931033,0.622512442055248,-0.12250294814500792,-0.47946955524141965,0.169920226492509
richpoor_802,1,Rich-Poor,22,Male,inconsistent first,TRUE,TRUE,-0.02810803516525364,0.12087166248690476,0.3431666568658744,-0.3370999982675377,-0.1834760747767864
richpoor_807,1,Rich-Poor,18,Male,inconsistent first,TRUE,FALSE,-0.1313818014371506,0.4311083451541056,-0.537093336812272,-0.6334719393646966,0.2304944289250255
richpoor_808,1,Rich-Poor,18,Female,consistent first,TRUE,TRUE,0.08901572428973689,-0.3123069753416864,0.3681201653983456,-0.12144351819198704,0.3022787440253289
richpoor_813,1,Rich-Poor,18,Female,consistent first,FALSE,FALSE,0.19342720954869427,0.16144125449758412,0.7351455750921818,-0.3598150791958341,0.32366410112031063
richpoor_814,1,Rich-Poor,18,Male,consistent first,TRUE,FALSE,0.2868183127946632,0.7864035442311106,0.14929623953920523,0.1153832714103651,-0.1012698988308974
richpoor_819,1,Rich-Poor,18,Female,consistent first,TRUE,FALSE,0.4565205610321824,0.7219381032395844,0.7741662679980007,0.2740296808125766,0.2891700649438726
richpoor_820,1,Rich-Poor,18,Female,consistent first,TRUE,FALSE,0.3728499027646954,0.932993846535656,0.5376900810163698,0.1855166989133614,-0.08876536324365451
richpoor_825,1,Rich-Poor,19,Male,inconsistent first,TRUE,TRUE,-0.2784444097695851,-0.16429563417431767,0.2914764249850724,-0.5334430211977204,-0.771078058262565
richpoor_826,1,Rich-Poor,20,Female,consistent first,FALSE,FALSE,0.1773306851356974,-0.06891853678010376,0.11789815048677812,0.365270428709695,0.3786486016502553
richpoor_837,1,Rich-Poor,18,Male,inconsistent first,FALSE,FALSE,0.15403568959821873,0.4253023906047032,0.6142321717221684,-0.3782888550005959,-0.15259567507575894
richpoor_838.redo,1,Rich-Poor,NA,NA,consistent first,FALSE,FALSE,0.4582676149405379,0.6138337963492526,0.26723596627614254,0.6394805944851089,0.29180258861368746
richpoor_843,1,Rich-Poor,18,Female,consistent first,FALSE,FALSE,-0.35659501435572366,-0.08619787355126067,-0.4599852092444054,-0.5416297901928168,-0.48626231430595135
richpoor_844,1,Rich-Poor,18,Female,inconsistent first,FALSE,FALSE,-0.3205611250236546,0.1854103242207322,-0.14073650599471185,-0.4865107354734428,-0.6590226913067577
richpoor_849,1,Rich-Poor,18,Female,consistent first,TRUE,TRUE,0.3069312502082389,0.8031692526487528,0.2327633147225074,0.11142112558023132,0.0907112277158024
richpoor_850,1,Rich-Poor,18,Male,consistent first,TRUE,TRUE,0.047409414466664274,0.5102380860876347,0.5120266779556457,-0.3025414111207456,-0.5893572980303645
richpoor_855,1,Rich-Poor,18,Female,consistent first,TRUE,TRUE,0.035862984486717375,0.4732460959075313,0.23329640437831456,-0.3872785788663031,-0.3357819909079959
richpoor_856,1,Rich-Poor,18,Male,consistent first,TRUE,TRUE,-0.07074193327625043,0.6082299471160862,-0.3672278185497034,-0.4152810255814157,-0.022820380887496484
richpoor_861,1,Rich-Poor,18,Male,consistent first,TRUE,FALSE,-0.09558995788737,0.33093343956325044,-0.1651117500452869,0.011809531258966124,-0.4202606117425817
richpoor_862,1,Rich-Poor,18,Female,consistent first,TRUE,TRUE,0.14785567867152602,0.3557627033435428,0.5431349655525344,-0.35606972238260143,0.025153952343393
richpoor_867,1,Rich-Poor,18,Male,consistent first,TRUE,FALSE,-0.0734383978597317,0.2897035906047485,0.1470089797598012,-0.5714815638705985,-0.16260491165688712
richpoor_868,1,Rich-Poor,19,Male,consistent first,TRUE,FALSE,0.10031935846977318,0.05431560061124712,0.4045441905596359,0.3676195182734325,-0.547301012315526
richpoor_891,1,Rich-Poor,18,Female,consistent first,TRUE,TRUE,-0.37811157457064193,-0.13765569283327703,-0.08401022274877899,-0.979846103151067,-0.3693631261404795
richpoor_892,1,Rich-Poor,19,Male,consistent first,TRUE,FALSE,0.2849647007380592,0.8504302098844873,0.2052360306760252,-0.16298463419381337,0.3127046898313173
richpoor_897,1,Rich-Poor,23,Male,consistent first,TRUE,TRUE,-0.0969418558173818,0.7979880036180635,-0.53862835611193,-0.3282761167453016,-0.2461349868092047
